timestamp_ms,altitude_m,apogee_m,pos_x,pos_y,pos_z,vel_x,vel_y,vel_z,quat_r,quat_x,quat_y,quat_z,gps_lat,gps_lon,gps_satellites,gps_fix_type,gps_pos_acc_cm,gps_vel_acc_cm,gps_pdop,gps_itow,data_time_ms,data_altitude_m,baro_pressure_pa,baro_temp_c,imu_accel_x,imu_accel_y,imu_accel_z,imu_gyro_x,imu_gyro_y,imu_gyro_z,highg_accel_x,highg_accel_y,highg_accel_z,mag_x,mag_y,mag_z
1781646432730,1.1744961251641826,,0,0,0,0,0,0,1,0,0,0,0,0,0,NoFix,649519616,0,0,251237400,276423,861.570095983481,91390.94063942532,45.394166668877006,-12688,976,-956480,2931250,183750,2213750,0,0,-1560000,-2471,261,-2765
1781646433216,1.5565701141159707,,0,0,0,0,0,0,1,0,0,0,0,0,0,NoFix,649519616,0,0,251237700,276923,860.3450317303799,91404.48398716602,45.39856802811846,-11712,15616,-954528,1592500,1531250,883750,0,0,-1560000,-2480,222,-2727
1781646433703,1.6354952492755501,,0,0,0,0,0,0,1,0,0,0,0,0,0,NoFix,649519616,0,0,251238300,277423,861.570095983481,91390.94063942532,45.394166668877006,-10736,17568,-973072,-4208750,1076250,-2222500,0,0,-780000,-2486,243,-2756
1781646434218,1.9386581170948602,,0,0,0,0,0,0,1,0,0,0,0,0,0,NoFix,649519616,0,0,251238800,277923,861.9521699724328,91386.71706190718,45.394166668877006,8784,8784,-953552,-1548750,4235000,-2730000,0,0,-780000,-2466,257,-2718
1781646434729,2.1629142231714695,,0,0,0,0,0,0,1,0,0,0,0,0,0,NoFix,649519616,0,0,251239300,278423,861.570095983481,91390.94063942532,45.394166668877006,-13664,9760,-957456,708750,-253750,-892500,0,0,-1560000,-2489,245,-2749
1781646435215,1.780811201389156,,0,0,0,0,0,0,1,0,0,0,0,0,0,NoFix,649519616,0,0,251239900,278923,861.412247060632,91392.68560192229,45.402969382703304,1952,5856,-954528,4707500,-271250,-1338750,0,0,-1560000,-2494,225,-2756
1781646435701,1.2408774102514144,,0,0,0,0,0,0,1,0,0,0,0,0,0,NoFix,649519616,0,0,251240400,279423,861.7153992690197,91389.33438822655,45.407370732631534,-13664,976,-953552,253750,-717500,-4882500,0,0,-780000,-2503,239,-2726
1781646436216,0.8588014142007978,,0,0,0,0,0,0,1,0,0,0,0,0,0,NoFix,649519616,0,0,251240900,279923,861.5575560517888,91391.07926282854,45.416173418518156,-7808,31232,-974048,-1076250,-2065000,1330000,0,0,-1560000,-2453,236,-2753
1781646436702,0.9377239164167577,,0,0,0,0,0,0,1,0,0,0,0,0,0,NoFix,649519680,0,0,251241500,280423,860.872339289345,91398.65429004437,45.41177207790315,9760,-4880,-949648,2038750,-262500,-1338750,0,0,-1560000,-2481,240,-2767
1781646437186,0.7009587608079073,,0,0,0,0,0,0,1,0,0,0,0,0,0,NoFix,649519680,0,0,251241700,280923,861.4786356186829,91391.95169724581,45.42057475447655,-11712,-19520,-979904,1181250,-717500,1767500,0,0,-780000,-2457,212,-2759
1781646437699,0.7009587608079073,,0,0,0,0,0,0,1,0,0,0,0,0,0,NoFix,649519680,0,0,251242300,281423,862.4006713040317,91381.75937522158,45.41177207790315,-1952,16592,-951600,262500,4655000,1330000,0,0,-780000,-2445,209,-2776
1781646438214,0.7798796956597016,,0,0,0,0,0,0,1,0,0,0,0,0,0,NoFix,649519680,0,0,251242800,281923,862.703869634358,91378.40797599411,45.416173418518156,-22448,-2928,-968192,-1505000,-1618750,-892500,0,0,-1560000,-2456,230,-2719
1781646438701,1.8472318028977952,,0,0,0,0,0,0,1,0,0,0,0,0,0,NoFix,649519680,0,0,251243300,282423,861.8607266323165,91387.72789371533,45.42057475447655,-10736,8784,-959408,1592500,-262500,-3176250,-780000,0,-1560000,-2481,239,-2747
1781646439186,1.3072892622997188,,0,0,0,0,0,0,1,0,0,0,0,0,0,NoFix,649519680,0,0,251243800,282923,861.7818074846376,91388.60028802959,45.424976085778326,8784,1952,-953552,-9537500,-2948750,0,0,0,-1560000,-2456,237,-2706
1781646439672,2.150432704095465,,0,0,0,0,0,0,1,0,0,0,0,0,0,NoFix,649519680,0,0,251244400,283423,860.9387191004403,91397.9204432755,45.42937741242349,247904,9760,-978928,2485000,183750,1767500,0,0,-780000,-2452,227,-2751
1781646440212,1.3072892622997188,,0,0,0,0,0,0,1,0,0,0,0,0,0,NoFix,649519680,0,0,251244900,283923,861.7818074846376,91388.60028802959,45.424976085778326,976,240096,-963312,-192500,1076250,-3552500,0,0,-780000,-2482,216,-2686
1781646440699,1.1619561934719513,,0,0,0,0,0,0,1,0,0,0,0,0,0,NoFix,649519680,0,0,251245400,284423,862.2428316612146,91383.50409325685,45.42057475447655,-17568,26352,-968192,708750,183750,883750,0,0,-780000,-2475,262,-2733
1781646441185,1.1619561934719513,,0,0,0,0,0,0,1,0,0,0,0,0,0,NoFix,649519680,0,0,251245700,284923,861.7818074846376,91388.60028802959,45.424976085778326,-15616,4880,-978928,1601250,-1610000,0,0,0,-1560000,-2492,262,-2714
1781646441670,1.0830357603661014,,0,0,0,0,0,0,1,0,0,0,0,0,0,NoFix,649519680,0,0,251246200,285423,861.4786356186829,91391.95169724581,45.42057475447655,-14640,37088,-982832,1592500,-717500,0,0,0,-780000,-2472,271,-2731
1781646442184,1.6229674203600553,,0,0,0,0,0,0,1,0,0,0,0,0,0,NoFix,649519680,0,0,251246700,285923,861.2544012725176,91394.43055673041,45.41177207790315,-1952,-12688,-967216,1155000,-262500,1767500,0,0,-1560000,-2449,235,-2700
1781646442697,1.7018889190386517,,0,0,0,0,0,0,1,0,0,0,0,0,0,NoFix,649519680,0,0,251247200,286423,861.8607266323165,91387.72789371533,45.42057475447655,-1952,16592,-974048,2931250,-708750,-1338750,0,0,-1560000,-2414,231,-2769
1781646443182,2.1629142231714695,,0,0,0,0,0,0,1,0,0,0,0,0,0,NoFix,649519680,0,0,251247800,286923,861.2544012725176,91394.43055673041,45.41177207790315,-33184,1952,-957456,-5083750,-717500,-1776250,0,0,-780000,-2459,279,-2762
1781646443668,0.8588014142007978,,0,0,0,0,0,0,1,0,0,0,0,0,0,NoFix,649519680,0,0,251248300,287423,861.3333237747336,91393.55808028753,45.407370732631534,-20496,-3904,-950624,-1076250,-717500,3543750,0,780000,-1560000,-2456,264,-2761
1781646444154,1.2408774102514144,,0,0,0,0,0,0,1,0,0,0,0,0,0,NoFix,649519680,0,0,251248900,287923,861.7943220531479,91388.46194804214,45.402969382703304,-4880,-248880,-954528,1155000,638750,901250,0,0,-1560000,-2441,259,-2701
1781646444670,0.7135107940138141,,0,0,0,0,0,0,1,0,0,0,0,0,0,NoFix,649519680,0,0,251249400,288423,861.570095983481,91390.94063942532,45.394166668877006,-13664,10736,-974048,-638750,-1618750,3543750,0,0,-1560000,-2446,279,-2770
1781646445180,1.1744961251641826,,0,0,0,0,0,0,1,0,0,0,0,0,0,NoFix,649519680,0,0,251249700,288924,861.7943220531479,91388.46194804214,45.402969382703304,-12688,8784,-969168,-3780000,1540000,437500,0,0,-780000,-2468,240,-2716
1781646445666,0.7135107940138141,,0,0,0,0,0,0,1,0,0,0,0,0,0,NoFix,649519680,0,0,251250200,289424,861.7943220531479,91388.46194804214,45.402969382703304,-3904,976,-956480,-1968750,-2948750,-1338750,0,0,-780000,-2462,261,-2781
1781646446152,1.0955712718989616,,0,0,0,0,0,0,1,0,0,0,0,0,0,NoFix,649519680,0,0,251250800,289924,861.4911711302158,91391.8131216348,45.39856802811846,-1952,4880,-954528,1592500,-2065000,0,0,0,-1560000,-2476,269,-2764
1781646446669,0.6345862226618237,,0,0,0,0,0,0,1,0,0,0,0,0,0,NoFix,649519680,0,0,251251300,290424,860.3450317303799,91404.48398716602,45.39856802811846,-2928,30256,-968192,-630000,1085000,883750,0,0,-780000,-2438,273,-2764
1781646447153,1.9386581170948602,,0,0,0,0,0,0,1,0,0,0,0,0,0,NoFix,649519680,0,0,251251800,290924,861.6490216204278,91390.06815529395,45.38976530497894,-27328,-976,-969168,-4200000,-2056250,883750,0,0,-780000,-2451,269,-2767
1781646447664,1.8597342674083848,,0,0,0,0,0,0,1,0,0,0,0,0,0,NoFix,649519680,0,0,251252300,291424,862.7163599935984,91378.26991608662,45.394166668877006,-249856,2928,-986736,-210000,183750,1767500,0,0,-780000,-2454,286,-2703
1781646448150,1.9386581170948602,,0,0,0,0,0,0,1,0,0,0,0,0,0,NoFix,649519680,0,0,251252800,291924,861.8732456209555,91387.5895059356,45.39856802811846,-9760,13664,-953552,-2415000,-1155000,1330000,0,0,-1560000,-2448,256,-2704
1781646448665,2.0175827504540393,,0,0,0,0,0,0,1,0,0,0,0,0,0,NoFix,649519680,0,0,251253400,292424,861.570095983481,91390.94063942532,45.394166668877006,-12688,-15616,-961360,2038750,-717500,1330000,0,0,-780000,-2459,242,-2795
1781646449152,1.9386581170948602,,0,0,0,0,0,0,1,0,0,0,0,0,0,NoFix,649519680,0,0,251253700,292924,861.570095983481,91390.94063942532,45.394166668877006,12688,8784,-954528,1592500,-2966250,-2222500,0,0,-780000,-2468,256,-2742
1781646449638,2.3996842668287854,,0,0,0,0,0,0,1,0,0,0,0,0,0,NoFix,649519680,0,0,251254200,293424,861.9521699724328,91386.71706190718,45.394166668877006,-244976,2928,-963312,1163750,-1163750,0,0,0,-1560000,-2472,274,-2783
1781646450148,1.0955712718989616,,0,0,0,0,0,0,1,0,0,0,0,0,0,NoFix,649519680,0,0,251254700,293924,861.1880360073675,91395.16422001559,45.394166668877006,-10736,-5856,-960384,-2415000,2432500,-446250,0,0,-780000,-2438,230,-2759
1781646450664,1.1744961251641826,,0,0,0,0,0,0,1,0,0,0,0,0,0,NoFix,649519680,0,0,251255200,294424,861.7943220531479,91388.46194804214,45.402969382703304,18544,976,-965264,700000,621250,883750,0,0,-1560000,-2480,229,-2724
1781646451150,1.2534217621109747,,0,0,0,0,0,0,1,0,0,0,0,0,0,NoFix,649519680,0,0,251255800,294924,861.9521699724328,91386.71706190718,45.394166668877006,8784,-2928,-965264,2073750,-4760000,1793750,0,0,-1560000,-2460,211,-2715
1781646451648,1.1744961251641826,,0,0,0,0,0,0,1,0,0,0,0,0,0,NoFix,649519680,0,0,251256200,295424,861.9521699724328,91386.71706190718,45.394166668877006,0,-244976,-972096,-630000,2887500,-446250,0,0,-1560000,-2445,264,-2694
1781646452122,1.2534217621109747,,0,0,0,0,0,0,1,0,0,0,0,0,0,NoFix,649519680,0,0,251256800,295924,861.9521699724328,91386.71706190718,45.394166668877006,-9760,27328,-959408,-1076250,-717500,-1776250,0,0,-780000,-2460,234,-2749
1781646452638,2.0965081674838757,,0,0,0,0,0,0,1,0,0,0,0,0,0,NoFix,649519680,0,0,251257400,296424,862.1100210264299,91384.97216808515,45.385363936424255,-10736,246928,-948672,262500,-717500,883750,0,0,-1560000,-2475,226,-2698
1781646453147,1.3323481827480919,,0,0,0,0,0,0,1,0,0,0,0,0,0,NoFix,649519680,0,0,251257600,296924,860.9638441076229,91397.64268076833,45.385363936424255,240096,4880,-958432,262500,-2065000,883750,0,0,-780000,-2471,249,-2711
1781646453634,1.7933478706277128,,0,0,0,0,0,0,1,0,0,0,0,0,0,NoFix,649519680,0,0,251258100,297424,861.1217013071256,91395.89755017123,45.376561185345054,-16592,8784,-955504,-3298750,-717500,-1338750,0,0,-780000,-2469,281,-2747
1781646454119,1.3323481827480919,,0,0,0,0,0,0,1,0,0,0,0,0,0,NoFix,649519680,0,0,251258600,297924,861.7279480410649,91389.19566924078,45.385363936424255,-13664,6832,-972096,3377500,638750,883750,0,0,-780000,-2441,255,-2735
1781646454606,1.3323481827480919,,0,0,0,0,0,0,1,0,0,0,0,0,0,NoFix,649519680,0,0,251259200,298424,861.1217013071256,91395.89755017123,45.376561185345054,22448,9760,-959408,2485000,183750,0,0,0,-780000,-2444,227,-2742
1781646455121,1.4112753870667802,,0,0,0,0,0,0,1,0,0,0,0,0,0,NoFix,649519680,0,0,251259700,298924,861.8858032333881,91387.45069136994,45.376561185345054,-9760,9760,-959408,-183750,647500,-2668750,0,0,-1560000,-2443,250,-2795
1781646455631,1.4902033750712462,,0,0,0,0,0,0,1,0,0,0,0,0,0,NoFix,649519680,0,0,251260200,299424,862.2678752151401,91383.22726657728,45.376561185345054,-9760,2928,-977952,-638750,-1601250,-1776250,780000,0,-780000,-2438,227,-2732
1781646456117,1.1081454061295517,,0,0,0,0,0,0,1,0,0,0,0,0,0,NoFix,649519680,0,0,251260800,299924,861.1217013071256,91395.89755017123,45.376561185345054,-20496,-8784,-955504,1155000,-1163750,-1776250,0,0,-780000,-2464,286,-2738
1781646456603,1.4902033750712462,,0,0,0,0,0,0,1,0,0,0,0,0,0,NoFix,649519744,0,0,251261300,300424,861.6616045951408,91389.929057315,45.3677584156394,-23424,8784,-947696,1155000,638750,-446250,0,0,-780000,-2474,247,-2725
1781646457120,1.5691321467651278,,0,0,0,0,0,0,1,0,0,0,0,0,0,NoFix,649519744,0,0,251261600,300924,861.6616045951408,91389.929057315,45.3677584156394,-248880,2928,-961360,2502500,1085000,-26250,0,0,-780000,-2476,281,-2694
1781646457606,1.872275356823252,,0,0,0,0,0,0,1,0,0,0,0,0,0,NoFix,649519744,0,0,251262200,301424,862.2678752151401,91383.22726657728,45.376561185345054,-17568,2928,-980880,-1522500,-1618750,1767500,0,0,-780000,-2445,225,-2761
1781646458116,0.7261014488087767,,0,0,0,0,0,0,1,0,0,0,0,0,0,NoFix,649519744,0,0,251262600,301924,861.1217013071256,91395.89755017123,45.376561185345054,-7808,7808,-980880,-3745000,3333750,1330000,0,0,-780000,-2430,249,-2712
1781646458602,1.4902033750712462,,0,0,0,0,0,0,1,0,0,0,0,0,0,NoFix,649519744,0,0,251263300,302424,862.2678752151401,91383.22726657728,45.376561185345054,-2928,2928,-966240,-183750,1540000,883750,0,0,-780000,-2424,282,-2710
1781646459117,0.7261014488087767,,0,0,0,0,0,0,1,0,0,0,0,0,0,NoFix,649519744,0,0,251263700,302924,861.5037452644464,91391.67411923452,45.376561185345054,2928,23424,-967216,5608750,638750,-3552500,0,0,-1560000,-2455,249,-2751
1781646459603,1.872275356823252,,0,0,0,0,0,0,1,0,0,0,0,0,0,NoFix,649519744,0,0,251264300,303424,861.8068752453836,91388.32318126608,45.38096256321296,-1952,241072,-938912,6492500,2887500,2213750,0,0,-1560000,-2490,237,-2745
1781646460088,0.805031224109598,,0,0,0,0,0,0,1,0,0,0,0,0,0,NoFix,649519744,0,0,251264900,303924,862.425732538567,91381.4823573848,45.3677584156394,-1952,-1952,-972096,-4646250,-3421250,1347500,0,0,-780000,-2445,234,-2706
1781646460610,0.9628931258118882,,0,0,0,0,0,0,1,0,0,0,0,0,0,NoFix,649519744,0,0,251265400,304424,861.3584929841287,91393.27983986458,45.363357023801655,-4880,7808,-956480,1618750,-262500,3543750,0,0,-1560000,-2454,252,-2753
1781646461114,0.805031224109598,,0,0,0,0,0,0,1,0,0,0,0,0,0,NoFix,649519744,0,0,251265600,304924,862.0436615604593,91385.70570581396,45.3677584156394,4880,19520,-949648,-183750,-735000,883750,0,0,-1560000,-2468,238,-2729
1781646461601,1.8059231639667814,,0,0,0,0,0,0,1,0,0,0,0,0,0,NoFix,649519744,0,0,251266100,305425,861.9647320050819,91386.5781995525,45.37215980282053,-6832,6832,-957456,253750,-1172500,883750,0,0,-1560000,-2473,275,-2803
1781646462086,1.4238672022977426,,0,0,0,0,0,0,1,0,0,0,0,0,0,NoFix,649519744,0,0,251266700,305925,861.2006310824264,91395.02498199031,45.37215980282053,4880,976,-955504,-1968750,-1163750,2213750,0,0,-1560000,-2464,246,-2678
1781646462573,1.4238672022977426,,0,0,0,0,0,0,1,0,0,0,0,0,0,NoFix,649519744,0,0,251267200,306425,861.7405354360299,91389.05652347353,45.363357023801655,-15616,2928,-969168,-656250,-2065000,3587500,0,0,-780000,-2480,244,-2781
1781646463112,1.344935577713045,,0,0,0,0,0,0,1,0,0,0,0,0,0,NoFix,649519744,0,0,251267700,306925,861.4374251105343,91392.40726592005,45.358955627307296,-23424,3904,-946720,-183750,2432500,-446250,0,0,-780000,-2441,265,-2781
1781646463598,0.3567172958239553,,0,0,0,0,0,0,1,0,0,0,0,0,0,NoFix,649519744,0,0,251268300,307425,862.741456589614,91377.99251595077,45.35015282034874,976,-3904,-961360,-4200000,1085000,1767500,0,0,-780000,-2458,273,-2724
1781646464084,1.199691856141726,,0,0,0,0,0,0,1,0,0,0,0,0,0,NoFix,649519744,0,0,251268800,307925,861.5952917144585,91390.66211226834,45.35015282034874,-5856,2928,-948672,1592500,1986250,17500,0,0,-780000,-2474,258,-2719
1781646464570,1.3575615948780069,,0,0,0,0,0,0,1,0,0,0,0,0,0,NoFix,649519744,0,0,251269400,308425,861.1343305827846,91395.75793315332,45.354554226156324,3904,13664,-961360,700000,-1163750,2213750,0,780000,-780000,-2462,256,-2717
1781646465057,1.1207581623265241,,0,0,0,0,0,0,1,0,0,0,0,0,0,NoFix,649519744,0,0,251269600,308925,862.3593876188697,91382.21571165156,45.35015282034874,-11712,-976,-960384,271250,1085000,-446250,0,0,-780000,-2473,275,-2717
1781646465572,1.199691856141726,,0,0,0,0,0,0,1,0,0,0,0,0,0,NoFix,649519744,0,0,251270200,309425,861.5952917144585,91390.66211226834,45.35015282034874,-3904,-976,-950624,1592500,-2511250,2660000,0,0,-780000,-2476,260,-2753
1781646466083,1.3575615948780069,,0,0,0,0,0,0,1,0,0,0,0,0,0,NoFix,649519744,0,0,251270700,309925,861.5952917144585,91390.66211226834,45.35015282034874,-28304,14640,-966240,2502500,-3412500,2660000,0,0,-780000,-2480,255,-2713
1781646466568,0.9755356625147442,,0,0,0,0,0,0,1,0,0,0,0,0,0,NoFix,649519744,0,0,251271200,310425,860.8312518515946,91399.1085251732,45.35015282034874,10736,17568,-966240,-4637500,-2065000,-1356250,0,0,-780000,-2480,236,-2734
1781646467054,1.2786263336589627,,0,0,0,0,0,0,1,0,0,0,0,0,0,NoFix,649519744,0,0,251271700,310925,862.1352013959315,91384.69382545505,45.34134999476373,11712,5856,-959408,253750,183750,1767500,0,0,-780000,-2485,254,-2731
1781646467570,1.9637877605529184,,0,0,0,0,0,0,1,0,0,0,0,0,0,NoFix,649519744,0,0,251272300,311425,861.5163580206433,91391.53469005458,45.354554226156324,-5856,-2928,-970144,-638750,-1618750,-892500,0,780000,-780000,-2466,239,-2756
1781646468057,1.502799610579359,,0,0,0,0,0,0,1,0,0,0,0,0,0,NoFix,649519744,0,0,251272800,311925,862.2804549287306,91383.08821307309,45.354554226156324,-7808,11712,-959408,262500,1531250,0,0,780000,-780000,-2463,230,-2730
1781646468567,0.9628931258118882,,0,0,0,0,0,0,1,0,0,0,0,0,0,NoFix,649519744,0,0,251273300,312425,861.4374251105343,91392.40726592005,45.358955627307296,15616,20496,-961360,4270000,-262500,2660000,0,0,-780000,-2460,258,-2739
1781646469052,1.344935577713045,,0,0,0,0,0,0,1,0,0,0,0,0,0,NoFix,649519744,0,0,251273600,312925,862.1225918995289,91384.83321015444,45.363357023801655,-9760,11712,-968192,262500,3753750,1767500,0,0,-780000,-2480,229,-2760
1781646469569,0.8839617831084752,,0,0,0,0,0,0,1,0,0,0,0,0,0,NoFix,649519744,0,0,251274100,313425,862.0436615604593,91385.70570581396,45.3677584156394,-236192,26352,-983808,-1951250,638750,0,0,0,-1560000,-2419,243,-2755
1781646470055,0.7261014488087767,,0,0,0,0,0,0,1,0,0,0,0,0,0,NoFix,649519744,0,0,251274600,313925,862.3468034850131,91382.35481294154,45.37215980282053,7808,31232,-954528,1618750,-717500,0,0,0,-1560000,-2482,233,-2731
1781646470540,1.4112753870667802,,0,0,0,0,0,0,1,0,0,0,0,0,0,NoFix,649519808,0,0,251275200,314425,861.4248167746368,91392.54664731228,45.38096256321296,-23424,13664,-939888,2485000,183750,1793750,0,0,-780000,-2471,217,-2747
1781646471050,1.3323481827480919,,0,0,0,0,0,0,1,0,0,0,0,0,0,NoFix,649519808,0,0,251275700,314925,861.3458890685238,91393.41917346847,45.385363936424255,-7808,7808,-962336,2485000,2878750,1767500,0,0,-1560000,-2481,238,-2735
1781646471566,1.5565701141159707,,0,0,0,0,0,0,1,0,0,0,0,0,0,NoFix,649519808,0,0,251276300,315425,860.805990042915,91399.38780367812,45.394166668877006,-976,4880,-955504,-630000,-2065000,0,0,0,-780000,-2481,247,-2734
1781646472053,1.3323481827480919,,0,0,0,0,0,0,1,0,0,0,0,0,0,NoFix,649519808,0,0,251276800,315925,861.8732456209555,91387.5895059356,45.39856802811846,-6832,9760,-967216,2931250,5582500,0,0,0,-1560000,-2465,225,-2698
1781646472538,1.5565701141159707,,0,0,0,0,0,0,1,0,0,0,0,0,0,NoFix,649519808,0,0,251277300,316425,861.7279480410649,91389.19566924078,45.385363936424255,-17568,-976,-965264,-621250,1076250,1767500,0,0,-780000,-2467,252,-2779
1781646473023,1.0166472023151982,,0,0,0,0,0,0,1,0,0,0,0,0,0,NoFix,649519808,0,0,251277600,316925,861.4911711302158,91391.8131216348,45.39856802811846,-244976,16592,-977952,-2441250,-1163750,-26250,0,0,-780000,-2497,220,-2802
1781646473535,1.2534217621109747,,0,0,0,0,0,0,1,0,0,0,0,0,0,NoFix,649519808,0,0,251278100,317425,862.176411059706,91384.23829723401,45.402969382703304,-10736,3904,-949648,-4191250,-1163750,-2668750,0,0,-780000,-2492,231,-2688
1781646474050,1.780811201389156,,0,0,0,0,0,0,1,0,0,0,0,0,0,NoFix,649519808,0,0,251278600,317925,861.412247060632,91392.68560192229,45.402969382703304,-11712,8784,-959408,2038750,-2065000,2660000,0,0,-780000,-2477,261,-2705
1781646474536,1.2408774102514144,,0,0,0,0,0,0,1,0,0,0,0,0,0,NoFix,649519808,0,0,251279200,318425,861.7943220531479,91388.46194804214,45.402969382703304,-16592,-243024,-947696,-621250,-262500,-1820000,0,0,-1560000,-2448,264,-2743
1781646475021,1.319799410702899,,0,0,0,0,0,0,1,0,0,0,0,0,0,NoFix,649519808,0,0,251279700,318925,861.4786356186829,91391.95169724581,45.42057475447655,-5856,3904,-965264,1601250,-271250,0,0,0,-780000,-2458,219,-2726
1781646475508,1.2408774102514144,,0,0,0,0,0,0,1,0,0,0,0,0,0,NoFix,649519808,0,0,251280200,319425,861.4786356186829,91391.95169724581,45.42057475447655,-5856,15616,-972096,-2415000,-2065000,-892500,0,0,-780000,-2462,264,-2751
1781646476048,0.7009587608079073,,0,0,0,0,0,0,1,0,0,0,0,0,0,NoFix,649519872,0,0,251280800,319925,861.0965586191247,91396.17550384854,45.42057475447655,-20496,243024,-948672,2931250,1986250,1767500,0,0,-1560000,-2467,196,-2730
1781646476535,0.846279163073973,,0,0,0,0,0,0,1,0,0,0,0,0,0,NoFix,649519872,0,0,251281300,320425,861.3997159692502,91392.82412974039,45.424976085778326,976,8784,-963312,-2415000,-1618750,-446250,0,0,-780000,-2456,227,-2729
1781646477030,0.7673618646559817,,0,0,0,0,0,0,1,0,0,0,0,0,0,NoFix,649519872,0,0,251281500,320925,860.319900204734,91404.76183856791,45.44258136441931,976,9760,-973072,-621250,175000,-2222500,0,0,-1560000,-2485,243,-2737
1781646477506,0.991623642879631,,0,0,0,0,0,0,1,0,0,0,0,0,0,NoFix,649519872,0,0,251282100,321425,861.3083090554928,91393.83461353292,45.45138397580013,-3904,5856,-973072,-1067500,-717500,0,0,0,-780000,-2482,225,-2755
1781646478022,2.520139904081816,,0,0,0,0,0,0,1,0,0,0,0,0,0,NoFix,649519872,0,0,251282700,321926,862.8368273236379,91376.93836109457,45.45138397580013,-11712,11712,-965264,-2861250,-1592500,-1776250,780000,0,-780000,-2511,217,-2755
1781646478532,0.991623642879631,,0,0,0,0,0,0,1,0,0,0,0,0,0,NoFix,649519872,0,0,251283200,322426,861.6115044362605,91390.48288848787,45.455785274505615,-7808,9760,-966240,-3745000,2432500,420000,0,0,-780000,-2482,254,-2749
1781646479018,0.7548826567569904,,0,0,0,0,0,0,1,0,0,0,0,0,0,NoFix,649519872,0,0,251283800,322926,861.8358045293209,91388.00338887873,45.46458785794675,0,-976,-963312,-4191250,-1610000,-1776250,0,0,-780000,-2496,279,-2790
1781646479504,0.675970562034081,,0,0,0,0,0,0,1,0,0,0,0,0,0,NoFix,649519872,0,0,251284300,323426,861.0715704203509,91396.45175031753,45.46458785794675,-8784,6832,-955504,-621250,-1163750,437500,0,0,-780000,-2509,264,-2837
1781646480020,1.3612943633432906,,0,0,0,0,0,0,1,0,0,0,0,0,0,NoFix,649519872,0,0,251284800,323926,862.1390328038419,91384.65147331083,45.4689891426824,-9760,-2928,-960384,-1067500,1540000,2213750,0,0,-780000,-2468,239,-2799
1781646480506,1.4402046710040395,,0,0,0,0,0,0,1,0,0,0,0,0,0,NoFix,649519872,0,0,251285300,324426,860.9137485818763,91398.19649855376,45.47339042276144,-11712,2928,-974048,4278750,638750,1347500,0,0,-780000,-2472,229,-2761
1781646480992,2.0466770260171643,,0,0,0,0,0,0,1,0,0,0,0,0,0,NoFix,649519872,0,0,251285700,324926,861.5990759572661,91390.62027927305,45.477791698183864,15616,5856,-962336,-630000,1076250,-892500,0,0,-1560000,-2489,226,-2782
1781646481501,1.4278015580937335,,0,0,0,0,0,0,1,0,0,0,0,0,0,NoFix,649519872,0,0,251286200,325426,861.902308087812,91387.26824339657,45.482192968949676,-11712,10736,-961360,3377500,638750,1767500,0,0,-780000,-2445,238,-2758
1781646482017,1.5067082294951888,,0,0,0,0,0,0,1,0,0,0,0,0,0,NoFix,649519872,0,0,251286700,325926,862.3510123500746,91382.30828937415,45.49979800544679,3904,-8784,-945744,-183750,-2511250,3990000,0,0,-780000,-2481,219,-2783
1781646482503,1.1910862456784344,,0,0,0,0,0,0,1,0,0,0,0,0,0,NoFix,649519872,0,0,251287300,326426,861.5866861039952,91390.75724323603,45.49979800544679,1952,2928,-959408,2502500,-4760000,883750,0,0,-1560000,-2450,241,-2700
1781646482989,1.3365356039100789,,0,0,0,0,0,0,1,0,0,0,0,0,0,NoFix,649519872,0,0,251287800,326926,861.4288798138903,91392.50173160658,45.50860049575567,-28304,18544,-949648,-1032500,-4760000,0,0,0,-780000,-2451,214,-2709
1781646483475,0.6511368582690693,,0,0,0,0,0,0,1,0,0,0,0,0,0,NoFix,649519872,0,0,251288400,327426,863.1820074700344,91373.12308710757,45.5174029674381,1952,0,-955504,-3727500,192500,-2222500,0,0,-780000,-2419,225,-2711
1781646483986,1.2576349195777539,,0,0,0,0,0,0,1,0,0,0,0,0,0,NoFix,649519872,0,0,251288900,327926,861.7987110713636,91388.41343049059,45.53060664003715,244976,9760,-941840,-192500,1085000,883750,0,0,-780000,-2463,222,-2684
1781646484502,1.1787350188711798,,0,0,0,0,0,0,1,0,0,0,0,0,0,NoFix,649519872,0,0,251289400,328426,861.4165374266385,91392.63817312823,45.53060664003715,-10736,13664,-958432,280000,-2065000,2213750,0,0,-780000,-2472,211,-2734
1781646484988,0.942040018475609,,0,0,0,0,0,0,1,0,0,0,0,0,0,NoFix,649519872,0,0,251289600,328926,862.0231064279458,91385.93292327493,45.53940906515345,-24400,6832,-966240,-1513750,-1163750,463750,0,0,-780000,-2495,196,-2814
1781646485473,1.548611590266546,,0,0,0,0,0,0,1,0,0,0,0,0,0,NoFix,649519872,0,0,251290200,329426,861.5620222775597,91391.02989065684,45.54381027072668,5856,7808,-969168,3832500,-717500,883750,0,0,-780000,-2480,211,-2760
1781646485959,1.087527721868696,,0,0,0,0,0,0,1,0,0,0,0,0,0,NoFix,649519872,0,0,251290700,329926,862.5508462582686,91380.09940567281,45.552612667903304,0,8784,-957456,2502500,2441250,0,0,0,-780000,-2485,213,-2760
1781646486500,1.7730281792462392,,0,0,0,0,0,0,1,0,0,0,0,0,0,NoFix,649519872,0,0,251291200,330426,862.3930637912395,91381.84346605533,45.561415046453476,5856,20496,-953552,-4173750,-708750,-2222500,0,0,-780000,-2471,237,-2692
1781646486986,1.6152447089749558,,0,0,0,0,0,0,1,0,0,0,0,0,0,NoFix,649519872,0,0,251291800,330926,861.5497483058291,91391.16557409566,45.56581622874364,-249856,21472,-968192,-1513750,-1610000,1347500,0,0,-1560000,-2475,213,-2728
1781646487472,1.0752581697706773,,0,0,0,0,0,0,1,0,0,0,0,0,0,NoFix,649519872,0,0,251292300,331426,863.157544315363,91373.39347395732,45.561415046453476,-9760,3904,-972096,271250,4690000,2213750,0,0,-1560000,-2485,224,-2724
1781646487957,1.681908401917667,,0,0,0,0,0,0,1,0,0,0,0,0,0,NoFix,649519872,0,0,251292800,331926,862.5386307214097,91380.23443006734,45.57461857935414,-10736,25376,-967216,1610000,-2511250,-446250,0,0,-1560000,-2512,215,-2699
1781646488474,0.9174799650769501,,0,0,0,0,0,0,1,0,0,0,0,0,0,NoFix,649519872,0,0,251293400,332426,861.6952870298786,91389.556717062,45.579019747674465,-14640,7808,-980880,4733750,3762500,3097500,0,0,-780000,-2525,252,-2742
1781646488983,1.524135337928783,,0,0,0,0,0,0,1,0,0,0,0,0,0,NoFix,649519872,0,0,251293600,332926,862.223086599794,91383.72235188705,45.59222322469577,-31232,17568,-956480,-2870000,-1155000,3543750,0,0,-780000,-2516,212,-2684
1781646489470,2.288621881354061,,0,0,0,0,0,0,1,0,0,0,0,0,0,NoFix,649519872,0,0,251294100,333426,862.5264538163441,91380.36902760621,45.59662437438965,1952,7808,-946720,-2397500,-2056250,0,0,0,-780000,-2484,234,-2760
1781646489966,2.1308539580272736,,0,0,0,0,0,0,1,0,0,0,0,0,0,NoFix,649519872,0,0,251294700,333926,862.4475710300364,91381.24096314028,45.60102551942691,-11712,-10736,-957456,-4620000,-2511250,1767500,780000,0,-1560000,-2473,223,-2675
1781646490471,0.8263743731894237,,0,0,0,0,0,0,1,0,0,0,0,0,0,NoFix,649519872,0,0,251295200,334426,860.9186480246284,91398.1423339453,45.60102551942691,2928,4880,-957456,-612500,2887500,0,0,0,-1560000,-2491,240,-2752
1781646490957,1.9730891689792998,,0,0,0,0,0,0,1,0,0,0,0,0,0,NoFix,649519872,0,0,251295700,334926,862.2109273725133,91383.85675817622,45.614228926599026,-6832,7808,-950624,2520000,-2511250,-1338750,0,0,-1560000,-2484,231,-2768
1781646491468,1.4330742199222186,,0,0,0,0,0,0,1,0,0,0,0,0,0,NoFix,649519872,0,0,251296300,335426,861.5253162489814,91391.43566038235,45.6098277955316,-8784,7808,-982832,3841250,1093750,-1820000,0,0,-1560000,-2521,214,-2710
1781646491953,1.499813607423448,,0,0,0,0,0,0,1,0,0,0,0,0,0,NoFix,649519872,0,0,251296800,335926,862.0531688519997,91385.60061189331,45.62303117476404,-26352,11712,-985760,2957500,4200000,-892500,780000,0,-1560000,-2542,226,-2756
1781646492470,0.6564395120716426,,0,0,0,0,0,0,1,0,0,0,0,0,0,NoFix,649519936,0,0,251297400,336426,861.5131581653052,91391.57006321118,45.6318334043026,-14640,5856,-961360,2957500,-1155000,1767500,780000,780000,-780000,-2478,230,-2716
1781646492956,2.1854907773513332,,0,0,0,0,0,0,1,0,0,0,0,0,0,NoFix,649519936,0,0,251297600,336926,862.1988067774523,91383.99073758983,45.63623451208696,3904,7808,-966240,271250,647500,2213750,0,0,-1560000,-2479,260,-2718
1781646493441,1.7911249570105383,,0,0,0,0,0,0,1,0,0,0,30.80743,-89.8796546,0,NoFix,649519936,0,0,251298100,337426,862.04105709561,91385.73449567312,45.64503671368584,-7808,-8784,-965264,-2835000,647500,1767500,0,0,-780000,-2513,238,-2757
1781646493951,1.1054388541084563,,0,0,0,0,0,0,1,0,0,0,30.0934051,-89.5744708,0,NoFix,649519936,0,0,251298600,337927,862.1867248153274,91384.12429011842,45.65823998115957,-1952,-1952,-940864,-2415000,2896250,-3106250,0,0,-1560000,-2502,250,-2744
1781646494438,1.5545148673519407,,0,0,0,0,0,0,1,0,0,0,30.0914424,-89.5722424,0,NoFix,649519872,0,0,251299100,338427,862.5690252111004,91379.89846497933,45.65823998115957,976,1952,-960384,-2835000,-1610000,-2668750,0,0,-780000,-2502,217,-2782
1781646494953,2.3191326990796597,,0,0,0,0,0,0,1,0,0,0,30.089087,-89.5695685,0,NoFix,649519936,0,0,251299700,338927,860.499918664697,91402.77158923073,45.66704213619232,4880,10736,-971120,1627500,-253750,3097500,0,0,-780000,-2463,227,-2674
1781646495439,2.1613985629851413,,0,0,0,0,0,0,1,0,0,0,30.087124,-89.56734039999999,0,NoFix,649519936,0,0,251300200,339427,862.174681486864,91384.25741575245,45.680245333816856,-8784,-8784,-961360,726250,1093750,-1338750,0,0,-1560000,-2523,237,-2714
1781646495924,1.7002152343089847,,0,0,0,0,0,0,1,0,0,0,30.084768099999998,-89.56466669999999,0,NoFix,649519936,0,0,251300800,339927,861.4100897103456,91392.70945083274,45.680245333816856,17568,-243024,-959408,-1942500,-708750,2257500,0,0,-780000,-2491,242,-2685
1781646496435,1.3179118295742,,0,0,0,0,0,0,1,0,0,0,30.0828046,-89.5624388,0,NoFix,649519936,0,0,251301300,340427,861.9380846547466,91386.87276305736,45.693448489531875,-7808,3904,-965264,1181250,1557500,1330000,0,0,-1560000,-2484,236,-2714
1781646496951,1.7002152343089847,,0,0,0,0,0,0,1,0,0,0,30.082019199999998,-89.5615476,0,NoFix,649519936,0,0,251301600,340927,861.331222313159,91393.58131154317,45.684646390378475,-7808,-16592,-966240,288750,-1601250,437500,0,0,-1560000,-2489,214,-2718
1781646497437,2.4648641385272185,,0,0,0,0,0,0,1,0,0,0,30.079662799999998,-89.55887419999999,0,NoFix,649519936,0,0,251302100,341427,861.555780247077,91391.0988935786,45.693448489531875,1952,-6832,-971120,-175000,647500,883750,0,0,-780000,-2479,247,-2750
1781646497923,2.0036675610077737,,0,0,0,0,0,0,1,0,0,0,30.077698899999998,-89.5566465,0,NoFix,649519936,0,0,251302600,341927,862.0958150926258,91385.12920011763,45.684646390378475,0,242048,-961360,288750,-708750,463750,0,0,-780000,-2481,241,-2754
1781646498409,1.9248032353028748,,0,0,0,0,0,0,1,0,0,0,30.787811899999998,-89.8563915,0,NoFix,649519936,0,0,251303200,342427,862.2415395514505,91383.51837601073,45.697849532123655,976,-976,-960384,735000,3316250,437500,0,0,-780000,-2489,212,-2719
1781646498922,1.0024520821034457,,0,0,0,0,0,0,1,0,0,0,30.0737706,-89.55219129999999,0,NoFix,649519936,0,0,251303600,342927,862.2415395514505,91383.51837601073,45.697849532123655,-12688,10736,-954528,-1496250,-2502500,-1776250,0,0,-780000,-2467,227,-2718
1781646499434,2.2282726658728507,,0,0,0,0,0,0,1,0,0,0,30.0714133,-89.5495184,0,NoFix,649519936,0,0,251304200,343427,862.5450102670114,91380.1639137619,45.70225057005882,-19520,-2928,-982832,-1942500,3342500,437500,0,780000,-780000,-2483,227,-2682
1781646499921,1.384757492681274,,0,0,0,0,0,0,1,0,0,0,30.0694487,-89.5472911,0,NoFix,649519936,0,0,251304700,343927,862.1626767927986,91384.3901144823,45.70225057005882,-18544,11712,-968192,-1076250,2441250,-2222500,0,0,-780000,-2436,199,-2755
1781646500407,1.6882149593561735,,0,0,0,0,0,0,1,0,0,0,30.0674839,-89.5450638,0,NoFix,649519936,0,0,251305200,344427,862.2415395514505,91383.51837601073,45.697849532123655,8784,8784,-967216,288750,1995000,-892500,0,0,-780000,-2475,228,-2693
1781646500922,2.0705489350291373,,0,0,0,0,0,0,1,0,0,0,30.066305,-89.5437275,0,NoFix,649519936,0,0,251305500,344927,862.5450102670114,91380.1639137619,45.70225057005882,-8784,5856,-951600,288750,-253750,2213750,0,0,-1560000,-2481,211,-2766
1781646501409,1.3058950161059784,,0,0,0,0,0,0,1,0,0,0,30.063946899999998,-89.541055,0,NoFix,649520000,0,0,251306100,345427,861.7803573509981,91388.61631827518,45.70225057005882,-18544,-17568,-963312,-1933750,-2502500,-446250,0,0,-1560000,-2441,235,-2755
1781646501919,1.0024520821034457,,0,0,0,0,0,0,1,0,0,0,30.0619816,-89.538828,0,NoFix,649520000,0,0,251306600,345927,862.466148793346,91381.03561213092,45.70665160333738,-1952,14640,-957456,-1942500,3325000,3543750,0,0,-780000,-2468,227,-2745
1781646502405,1.9916882448792421,,0,0,0,0,0,0,1,0,0,0,30.0600162,-89.53660099999999,0,NoFix,649519936,0,0,251307200,346427,862.8484968026212,91376.80937631104,45.70665160333738,246928,24400,-956480,-1058750,-1155000,1347500,0,0,-780000,-2478,227,-2744
1781646502891,1.6093537677508039,,0,0,0,0,0,0,1,0,0,0,30.0580505,-89.5343742,0,NoFix,649520000,0,0,251307600,346927,862.5330607489394,91380.29599779243,45.72425568988547,2928,24400,-963312,735000,-253750,883750,0,0,-780000,-2452,212,-2751
1781646503406,1.6093537677508039,,0,0,0,0,0,0,1,0,0,0,30.0556916,-89.53170209999999,0,NoFix,649519936,0,0,251308200,347427,862.387288103196,91381.90730856925,45.71105263195932,-16592,976,-975024,-157500,-708750,901250,0,0,-1560000,-2447,259,-2741
1781646503892,1.9916882448792421,,0,0,0,0,0,0,1,0,0,0,30.0537256,-89.52947549999999,0,NoFix,649519936,0,0,251308700,347927,862.0718531777625,91385.39407501252,45.72865669988096,-1952,24400,-970144,-3718750,4243750,437500,0,0,-1560000,-2469,232,-2749
1781646504403,1.3727748940782476,,0,0,0,0,0,0,1,0,0,0,30.051759399999998,-89.527249,0,NoFix,649519936,0,0,251309200,348427,862.9154247988549,91376.06961235877,45.72425568988547,-26352,-1952,-975024,-157500,-2948750,0,0,0,-780000,-2454,204,-2696
1781646504889,0.5292859670079224,,0,0,0,0,0,0,1,0,0,0,30.0505796,-89.5259131,0,NoFix,649519936,0,0,251309500,348927,862.3753474231487,91382.03929694663,45.733057705219835,-4880,247904,-950624,-5941250,-2948750,-892500,0,0,-1560000,-2437,225,-2732
1781646505405,1.1362030720900975,,0,0,0,0,0,0,1,0,0,0,30.943300999999998,-89.90272829999999,0,NoFix,649520000,0,0,251310100,349427,861.9929964051897,91386.26576179508,45.733057705219835,231312,3904,-962336,-1058750,647500,-4060000,0,0,-780000,-2465,238,-2739
1781646505891,1.8220373730583788,,0,0,0,0,0,0,1,0,0,0,30.941384399999997,-89.9004358,0,NoFix,649520000,0,0,251310600,349927,862.2964919355101,91382.91094362662,45.7374587059021,-14640,7808,-970144,-3272500,192500,1330000,0,0,-780000,-2466,216,-2767
1781646506375,1.3608309302159114,,0,0,0,0,0,0,1,0,0,0,30.044286399999997,-89.51878889999999,0,NoFix,649520000,0,0,251311100,350427,861.7564307885327,91388.88081055258,45.74626069329679,241072,24400,-950624,-612500,192500,1767500,0,0,-1560000,-2479,219,-2743
1781646506886,0.9784924416871945,,0,0,0,0,0,0,1,0,0,0,30.9371673,-89.8953926,0,NoFix,649520000,0,0,251311700,350927,860.9917678439733,91397.33397849328,45.74626069329679,-5856,6832,-966240,-1925000,1531250,2660000,0,0,-780000,-2483,211,-2742
1781646507402,1.967845521579079,,0,0,0,0,0,0,1,0,0,0,30.040352199999997,-89.5143368,0,NoFix,649520000,0,0,251312100,351427,861.9022262498755,91387.26914804884,45.75946363946423,-15616,-976,-950624,-1505000,1093750,-910000,0,0,-1560000,-2455,230,-2743
1781646507899,1.8889944528590377,,0,0,0,0,0,0,1,0,0,0,30.0379914,-89.5116657,0,NoFix,649520000,0,0,251312700,351927,861.8233754632488,91388.14078313675,45.76386461220682,-976,243024,-975024,297500,-2948750,-892500,0,0,-1560000,-2466,216,-2720
1781646508376,1.8101441676259356,,0,0,0,0,0,0,1,0,0,0,30.931415299999998,-89.88851629999999,0,NoFix,649520000,0,0,251313200,352427,862.2057440259427,91383.91405416661,45.76386461220682,-2928,6832,-948672,-1041250,1548750,883750,0,0,-780000,-2496,229,-2728
1781646508861,2.113677766077103,,0,0,0,0,0,0,1,0,0,0,30.034843199999997,-89.5081044,0,NoFix,649520000,0,0,251313500,352927,861.6656762405106,91389.88404751458,45.77266654372215,245952,8784,-966240,-1925000,-1146250,437500,0,780000,-780000,-2471,230,-2751
1781646509401,1.7312946658944384,,0,0,0,0,0,0,1,0,0,0,30.0324818,-89.50543359999999,0,NoFix,649520000,0,0,251314100,353427,861.2833207099728,91394.1108558977,45.77266654372215,-17568,-247904,-963312,-1487500,1995000,1767500,0,0,-1560000,-2473,209,-2715
1781646509887,2.7996388654369184,,0,0,0,0,0,0,1,0,0,0,30.0309073,-89.5036531,0,NoFix,649520064,0,0,251314500,353927,862.2727353242964,91383.17354393411,45.78146845661104,-976,19520,-971120,3893750,3351250,1767500,0,0,-1560000,-2469,241,-2699
1781646510373,1.112380293448041,,0,0,0,0,0,0,1,0,0,0,30.0285455,-89.50098249999999,0,NoFix,649520064,0,0,251315100,354428,861.8903507199674,91387.40042251119,45.78146845661104,-5856,9760,-954528,6107500,-1155000,-446250,0,780000,-780000,-2457,218,-2740
1781646510859,0.9546873386912011,,0,0,0,0,0,0,1,0,0,0,30.026577099999997,-89.49875709999999,0,NoFix,649520064,0,0,251315600,354928,862.8798577022826,91376.46273955546,45.79027035087347,-10736,13664,-962336,288750,-3832500,-1338750,0,0,-780000,-2473,244,-2792
1781646511374,2.101844161058125,,0,0,0,0,0,0,1,0,0,0,30.024608599999997,-89.4965318,0,NoFix,649520064,0,0,251316100,355428,862.0362000755532,91385.78818538773,45.79467129101977,-5856,11712,-962336,5197500,647500,-1338750,0,0,-780000,-2462,244,-2755
1781646511860,2.101844161058125,,0,0,0,0,0,0,1,0,0,0,30.0222461,-89.4938615,0,NoFix,649520000,0,0,251316700,355928,862.0362000755532,91385.78818538773,45.79467129101977,-3904,-236192,-967216,-595000,-253750,1347500,0,0,-780000,-2457,227,-2727
1781646512370,0.9546873386912011,,0,0,0,0,0,0,1,0,0,0,30.020277099999998,-89.49163639999999,0,NoFix,649520064,0,0,251317200,356428,861.1137536410882,91395.98541194407,45.80347315734252,-3904,7808,-957456,2108750,1102500,-446250,0,0,-780000,-2445,245,-2753
1781646512856,1.9441573484006085,,0,0,0,0,0,0,1,0,0,0,30.915301099999997,-89.8692671,0,NoFix,649520064,0,0,251317400,356928,862.7221718923635,91378.2056753813,45.79907222650945,3904,-10736,-979904,1671250,-1601250,1793750,0,0,-780000,-2451,287,-2748
1781646513342,1.5617567012855034,,0,0,0,0,0,0,1,0,0,0,30.9126142,-89.8660596,0,NoFix,649520000,0,0,251318100,357428,862.0243929830909,91385.91870161673,45.81667592190206,-13664,14640,-973072,-3281250,-1155000,-1338750,0,0,-780000,-2480,264,-2747
1781646513858,2.0112098158230083,,0,0,0,0,0,0,1,0,0,0,30.0147631,-89.48540659999999,0,NoFix,649520064,0,0,251318600,357928,861.2596017155105,91394.37306640446,45.81667592190206,8784,1952,-970144,-1925000,-1601250,1330000,0,0,-1560000,-2427,219,-2749
1781646514344,1.2463904722898178,,0,0,0,0,0,0,1,0,0,0,30.012793499999997,-89.4831818,0,NoFix,649520064,0,0,251319100,358428,862.4068096741398,91381.69152383217,45.81667592190206,-12688,11712,-973072,-157500,2450000,883750,0,0,-780000,-2468,228,-2725
1781646514854,1.5499540275422987,,0,0,0,0,0,0,1,0,0,0,30.010429799999997,-89.48051219999999,0,NoFix,649520064,0,0,251319700,358928,862.249133265816,91383.4344364548,45.82547774165869,-18544,10736,-952576,3412500,183750,2213750,0,0,-780000,-2458,217,-2715
1781646515341,2.539574889131245,,0,0,0,0,0,0,1,0,0,0,29.2593952,-89.16773219999999,0,NoFix,649520064,0,0,251320300,359428,862.3279710782424,91382.56298111055,45.82107683410868,-22448,6832,-962336,4313750,-253750,-1776250,0,0,-1560000,-2456,210,-2753
1781646515856,1.0098740270645976,,0,0,0,0,0,0,1,0,0,0,29.2573835,-89.1655619,0,NoFix,649520064,0,0,251320700,359928,862.9351747474481,91375.85131450347,45.82987864455208,5856,10736,-965264,-1925000,1102500,-2222500,0,0,-1560000,-2467,218,-2704
1781646516342,1.7746963785340313,,0,0,0,0,0,0,1,0,0,0,29.255371699999998,-89.1633916,0,NoFix,649520064,0,0,251321200,360428,863.0140107737417,91374.97993742987,45.82547774165869,-5856,-232288,-978928,1198750,-2493750,2213750,0,0,-1560000,-2477,221,-2794
1781646516828,2.843200465556265,,0,0,0,0,0,0,1,0,0,0,29.2541646,-89.1620895,0,NoFix,649520064,0,0,251321500,360928,862.7775050451978,91377.59406284825,45.83868043636903,-4880,26352,-946720,3867500,-700000,-892500,0,0,-780000,-2438,242,-2749
1781646517338,2.3819051868809993,,0,0,0,0,0,0,1,0,0,0,30.000972299999997,-89.46983499999999,0,NoFix,649520064,0,0,251322100,361428,861.9337898507176,91386.92023848841,45.84308132529259,-10736,5856,-962336,4751250,201250,-910000,0,0,-1560000,-2456,239,-2678
1781646517853,1.9206237311664154,,0,0,0,0,0,0,1,0,0,0,29.2497378,-89.1573154,0,NoFix,649520064,0,0,251322600,361928,862.6986713692432,91378.4654341191,45.84308132529259,-19520,19520,-956480,-6396250,2450000,1793750,0,0,-780000,-2501,265,-2685
1781646518340,1.3805229856238839,,0,0,0,0,0,0,1,0,0,0,29.997030499999997,-89.46538679999999,0,NoFix,649520064,0,0,251323100,362428,862.3162235894832,91382.69283476738,45.84308132529259,-13664,1952,-959408,-3255000,-245000,0,0,0,-780000,-2445,261,-2687
1781646518826,1.5381899924008167,,0,0,0,0,0,0,1,0,0,0,30.8911062,-89.8404056,0,NoFix,649520064,0,0,251323700,362928,861.1689644914305,91395.37505514931,45.84308132529259,-8784,10736,-949648,2975000,3333750,1330000,0,0,-1560000,-2483,216,-2700
1781646519310,1.6958601330261445,,0,0,0,0,0,0,1,0,0,0,29.9926937,-89.4604942,0,NoFix,649520064,0,0,251324200,363428,862.3162235894832,91382.69283476738,45.84308132529259,-13664,9760,-951600,1190000,1977500,0,0,0,-780000,-2421,193,-2746
1781646519851,1.3805229856238839,,0,0,0,0,0,0,1,0,0,0,29.990722199999997,-89.45827039999999,0,NoFix,649520064,0,0,251324800,363928,861.8549559556016,91387.79168416008,45.84748220955953,-1952,-6832,-960384,752500,2003750,1767500,0,0,-780000,-2451,215,-2690
1781646520338,2.2242386184205998,,0,0,0,0,0,0,1,0,0,0,29.2388685,-89.1455988,0,NoFix,649520064,0,0,251325300,364428,861.9337898507176,91386.92023848841,45.84308132529259,-12688,3904,-979904,-2371250,656250,-1776250,0,0,-780000,-2432,213,-2705
1781646520823,1.45935609728474,,0,0,0,0,0,0,1,0,0,0,29.2380632,-89.144731,0,NoFix,649520064,0,0,251325500,364928,862.5410063676812,91380.20817085683,45.85188308916986,3904,1952,-963312,-1478750,2450000,3990000,0,0,-780000,-2448,186,-2692
1781646521309,1.2228591126770425,,0,0,0,0,0,0,1,0,0,0,29.2360498,-89.1425616,0,NoFix,649520128,0,0,251326000,365428,861.7761228439407,91388.66312789681,45.85188308916986,-4880,8784,-942816,1190000,3351250,-446250,0,0,-1560000,-2436,202,-2717
1781646521825,1.1440283513876466,,0,0,0,0,0,0,1,0,0,0,29.2340362,-89.1403922,0,NoFix,649520128,0,0,251326500,365928,862.1585575853045,91384.43564784041,45.85188308916986,9760,12688,-980880,-595000,-2047500,-3106250,0,0,-780000,-2442,237,-2668
1781646522345,2.2242386184205998,,0,0,0,0,0,0,1,0,0,0,29.2316196,-89.13778909999999,0,NoFix,649520128,0,0,251327100,366428,862.1585575853045,91384.43564784041,45.85188308916986,10736,16592,-948672,-1032500,2003750,0,0,0,-780000,-2462,229,-2735
1781646522822,2.673857583227914,,0,0,0,0,0,0,1,0,0,0,29.229605699999997,-89.13562,0,NoFix,649520128,0,0,251327600,366928,862.3045147411733,91382.82226145144,45.86508570006117,2928,3904,-946720,1198750,201250,-892500,0,0,-1560000,-2503,202,-2719
1781646523308,1.0651983735540398,,0,0,0,0,0,0,1,0,0,0,29.2275915,-89.1334509,0,NoFix,649520128,0,0,251328100,367428,862.0680301656521,91385.43633462799,45.87828826904297,-13664,1952,-959408,1198750,-253750,927500,0,0,-780000,-2483,226,-2696
1781646523793,1.4476351200385125,,0,0,0,0,0,0,1,0,0,0,29.2251744,-89.1308481,0,NoFix,649520128,0,0,251328700,367928,861.764406285244,91388.7926466578,45.873887417372316,-1952,0,-952576,2082500,-700000,437500,0,0,-780000,-2469,219,-2696
1781646524308,0.907540768256581,,0,0,0,0,0,0,1,0,0,0,29.2231599,-89.1286793,0,NoFix,649520128,0,0,251329200,368428,863.294295698676,91371.88199381549,45.873887417372316,-10736,13664,-966240,752500,1540000,-2668750,0,0,-1560000,-2445,234,-2684
1781646524795,1.8972446757194348,,0,0,0,0,0,0,1,0,0,0,29.2219511,-89.127378,0,NoFix,649520128,0,0,251329500,368928,861.5279249065948,91391.40682272022,45.887089958414435,-6832,-14640,-960384,752500,-245000,0,0,0,-1560000,-2449,229,-2660
1781646525305,2.2797255540284596,,0,0,0,0,0,0,1,0,0,0,29.219936299999997,-89.1252092,0,NoFix,649520128,0,0,251330000,369428,861.1454861550941,91395.63460811337,45.887089958414435,976,29280,-982832,-148750,-700000,6291250,780000,0,-1560000,-2452,254,-2720
1781646525791,1.3571285081441147,,0,0,0,0,0,0,1,0,0,0,29.2175184,-89.1226069,0,NoFix,649520128,0,0,251330600,369928,861.3702745713904,91393.14959708096,45.89589162915945,-4880,0,-958432,-140000,-2047500,437500,0,0,-1560000,-2427,223,-2719
1781646526307,1.3571285081441147,,0,0,0,0,0,0,1,0,0,0,29.2159063,-89.12087199999999,0,NoFix,649520128,0,0,251331100,370428,862.8213520227013,91377.10941251826,45.90029245754704,-15616,3904,-962336,-1470000,3788750,-446250,0,0,-1560000,-2448,204,-2645
1781646526793,1.9644340323475262,,0,0,0,0,0,0,1,0,0,0,29.213487899999997,-89.1182698,0,NoFix,649520128,0,0,251331600,370929,861.8199089445677,91388.17910300165,45.913494914770126,-4880,14640,-974048,-1478750,-3403750,883750,0,0,-780000,-2429,211,-2706
1781646527279,1.1994823091854414,,0,0,0,0,0,0,1,0,0,0,29.211472399999998,-89.1161015,0,NoFix,649520128,0,0,251332100,371429,861.5950821675023,91390.66442871022,45.904693281278014,-6832,23424,-975024,-4138750,-2940000,883750,0,0,-780000,-2448,226,-2659
1781646527789,0.9630188865047558,,0,0,0,0,0,0,1,0,0,0,29.209053599999997,-89.11349949999999,0,NoFix,649520128,0,0,251332700,371929,861.4374391022787,91392.40711124557,45.913494914770126,-19520,-14640,-960384,-3736250,647500,437500,0,0,-780000,-2441,210,-2754
1781646528306,1.6491550454344406,,0,0,0,0,0,0,1,0,0,0,29.207441,-89.11176499999999,0,NoFix,649520128,0,0,251333300,372429,860.9761624436521,91397.5064990907,45.91789572453126,-13664,-2928,-965264,-2800000,-245000,-1356250,0,0,-780000,-2438,177,-2671
1781646528791,1.1878518678068986,,0,0,0,0,0,0,1,0,0,0,29.2058282,-89.1100305,0,NoFix,649520128,0,0,251333500,372929,861.9659371155748,91386.5648781122,45.9266973300837,2928,-10736,-973072,-3255000,-700000,883750,0,0,-1560000,-2454,181,-2689
1781646529277,1.7952044677572303,,0,0,0,0,0,0,1,0,0,0,29.2038121,-89.1078624,0,NoFix,649520128,0,0,251334000,373429,861.8871201108172,91387.43613433171,45.931098125874996,-9760,-976,-972096,4322500,-2047500,1330000,0,0,-1560000,-2435,241,-2737
1781646529763,1.491520252500436,,0,0,0,0,0,0,1,0,0,0,28.3364282,-88.75493159999999,0,NoFix,649520128,0,0,251334600,373929,861.4258174976235,91392.53558461189,45.93549891700968,9760,-14640,-970144,306250,-2948750,3613750,0,0,-780000,-2466,209,-2712
1781646530303,1.1762600676531747,,0,0,0,0,0,0,1,0,0,0,28.3343644,-88.7528249,0,NoFix,649520128,0,0,251335100,374429,861.57185992597,91390.92113983427,45.94870126247406,-243024,15616,-979904,752500,3351250,2213750,0,0,-780000,-2430,223,-2740
1781646530789,1.7048440882552995,,0,0,0,0,0,0,1,0,0,0,29.1973593,-89.10092519999999,0,NoFix,649520128,0,0,251335600,374929,861.7179264568962,91389.30645169939,45.96190356602892,-4880,20496,-973072,4357500,-245000,-892500,0,0,-780000,-2459,224,-2714
1781646531274,0.939823154880628,,0,0,0,0,0,0,1,0,0,0,29.1953425,-89.09875749999999,0,NoFix,649520128,0,0,251336100,375429,861.4142345340424,91392.66363095814,45.957502802833915,-17568,-245952,-958432,-8601250,-2047500,1767500,0,0,-780000,-2464,212,-2639
1781646531760,1.6260343531606622,,0,0,0,0,0,0,1,0,0,0,29.192922099999997,-89.0961564,0,NoFix,649520128,0,0,251336700,375929,861.4814980983099,91391.92005353904,45.97510582767427,-6832,-1952,-954528,2983750,2450000,2660000,0,780000,-780000,-2467,212,-2650
1781646532246,0.8610124174530256,,0,0,0,0,0,0,1,0,0,0,29.1909049,-89.0939889,0,NoFix,649520128,0,0,251337200,376429,861.8640170914774,91387.69152020653,45.97510582767427,-1952,6832,-969168,-2362500,-3395000,883750,0,0,-780000,-2450,242,-2690
1781646532787,1.389609848259738,,0,0,0,0,0,0,1,0,0,0,29.190098,-89.0931219,0,NoFix,649520128,0,0,251337400,376929,861.7064031050711,91389.43383541152,45.98390731215477,-14640,-5856,-964288,1645000,647500,-446250,0,0,-1560000,-2478,207,-2706
1781646533273,1.918276532265054,,0,0,0,0,0,0,1,0,0,0,28.322390799999997,-88.7406073,0,NoFix,649520128,0,0,251338000,377429,861.9313272972062,91386.94745994658,45.99270877800882,-2928,-239120,-960384,2983750,2003750,1330000,0,0,-1560000,-2463,239,-2686
1781646533759,1.2205171384662208,,0,0,0,0,0,0,1,0,0,0,29.1856594,-89.0883538,0,NoFix,649520128,0,0,251338500,377929,861.2335799473343,91394.66073448601,46.01031165383756,-10736,3904,-962336,1190000,1102500,1793750,0,0,-780000,-2460,228,-2712
1781646534244,1.9856333839134095,,0,0,0,0,0,0,1,0,0,0,28.317847699999998,-88.7359738,0,NoFix,649520192,0,0,251339100,378429,861.9198679791624,91387.07413315697,46.014712361153215,-5856,13664,-959408,2091250,-3841250,883750,0,0,-1560000,-2449,240,-2748
1781646534760,1.8280349384813235,,0,0,0,0,0,0,1,0,0,0,28.3157824,-88.7338678,0,NoFix,649520128,0,0,251339600,378929,861.4585165468837,91392.17410676743,46.019113063812256,12688,14640,-952576,752500,1102500,1767500,0,0,-780000,-2477,240,-2772
1781646535270,1.2878724745293084,,0,0,0,0,0,0,1,0,0,0,28.3137169,-88.7317619,0,NoFix,649520128,0,0,251340100,379429,861.6046753508266,91390.55838068227,46.0323151438497,-14640,11712,-955504,2546250,210000,1793750,0,0,-780000,-2426,219,-2715
1781646535757,0.7477251893699304,,0,0,0,0,0,0,1,0,0,0,28.311651299999998,-88.72965599999999,0,NoFix,649520128,0,0,251340600,379929,861.9084473063732,91387.20037931767,46.03671582788229,-3904,5856,-952576,1207500,1102500,-2668750,0,0,-1560000,-2463,224,-2699
1781646536242,1.737841610299938,,0,0,0,0,0,0,1,0,0,0,28.3091723,-88.7271291,0,NoFix,649520192,0,0,251341200,380429,861.3682891050178,91393.17154595233,46.04551718197763,-24400,2928,-966240,2546250,5573750,0,0,0,-1560000,-2437,248,-2695
1781646536758,2.041646524355542,,0,0,0,0,0,0,1,0,0,0,28.3083459,-88.7262868,0,NoFix,649520192,0,0,251341400,380929,862.5160387279547,91380.48415101458,46.04551718197763,-23424,26352,-961360,-1933750,-1146250,437500,0,0,-1560000,-2460,238,-2698
1781646537243,1.737841610299938,,0,0,0,0,0,0,1,0,0,0,28.305866599999998,-88.72376009999999,0,NoFix,649520192,0,0,251342000,381429,862.1334414686168,91384.71327958719,46.04551718197763,-8784,247904,-954528,1653750,2905000,5320000,0,0,-780000,-2439,241,-2734
1781646537730,1.197672491510616,,0,0,0,0,0,0,1,0,0,0,28.304213599999997,-88.7220756,0,NoFix,649520192,0,0,251342400,381929,862.6622768580457,91378.86771537732,46.05871917819604,-244000,-5856,-969168,-5040000,210000,883750,0,0,-1560000,-2453,211,-2741
1781646538241,1.8052741886139074,,0,0,0,0,0,0,1,0,0,0,27.4731387,-88.3910939,0,NoFix,649520192,0,0,251342900,382429,861.3568993577458,91393.29745705551,46.067520485725254,-16592,244000,-949648,1653750,-691250,0,0,0,-1560000,-2487,234,-2730
1781646538756,1.422674924961143,,0,0,0,0,0,0,1,0,0,0,27.470604899999998,-88.3886362,0,NoFix,649520192,0,0,251343500,382929,862.2008740469307,91383.9678862622,46.063119834288955,-14640,1952,-963312,-568750,210000,3543750,0,0,-780000,-2450,257,-2719
1781646539242,1.1075207733157413,,0,0,0,0,0,0,1,0,0,0,27.468493199999998,-88.38658819999999,0,NoFix,649520192,0,0,251344000,383429,861.6606961407446,91389.9390997812,46.07192113250494,-19520,8784,-962336,-568750,656250,-446250,0,0,-780000,-2431,255,-2648
1781646539728,1.872737362395128,,0,0,0,0,0,0,1,0,0,0,28.295120299999997,-88.7128122,0,NoFix,649520192,0,0,251344600,383929,861.5031206316326,91391.68102431505,46.080722412094474,3904,-244976,-969168,2100000,2905000,1330000,0,0,-780000,-2419,229,-2742
1781646540213,1.4113359626932152,,0,0,0,0,0,0,1,0,0,0,27.4642694,-88.3824925,0,NoFix,649520192,0,0,251345000,384429,863.4162675162979,91370.53388573143,46.080722412094474,-6832,-6832,-950624,-2800000,-3841250,-1776250,0,0,-1560000,-2451,214,-2671
1781646540755,0.5673601798625896,,0,0,0,0,0,0,1,0,0,0,27.463002099999997,-88.3812638,0,NoFix,649520192,0,0,251345400,384929,862.0319828383989,91385.83480293455,46.09392429655418,2928,1952,-964288,2546250,-2030000,-446250,0,780000,-1560000,-2463,216,-2731
1781646541240,1.3325506675533916,,0,0,0,0,0,0,1,0,0,0,26.666488299999997,-88.0693683,0,NoFix,649520192,0,0,251345800,385429,862.4146137172881,91381.60526073625,46.09392429655418,4880,12688,-966240,-3692500,-6090000,17500,0,0,-780000,-2405,228,-2707
1781646541726,1.0174173204285353,,0,0,0,0,0,0,1,0,0,0,27.4587774,-88.3771684,0,NoFix,649520192,0,0,251346300,385929,862.7184764265787,91378.24652249743,46.09832491539419,-7808,16592,-975024,-1916250,-691250,0,0,0,-780000,-2442,224,-2714
1781646542211,1.4788173085704557,,0,0,0,0,0,0,1,0,0,0,27.4562423,-88.3747114,0,NoFix,649520192,0,0,251346900,386429,860.8053897938653,91399.3944396586,46.09832491539419,-11712,5856,-961360,2546250,-245000,437500,0,0,-1560000,-2447,230,-2705
1781646542698,2.322876568261904,,0,0,0,0,0,0,1,0,0,0,26.6595914,-88.0629884,0,NoFix,649520192,0,0,251347400,386929,861.1091955675295,91396.03580166439,46.10272552957758,-6832,17568,-950624,-122500,656250,2213750,0,0,-780000,-2440,240,-2719
1781646543237,1.7826680297852135,,0,0,0,0,0,0,1,0,0,0,27.488948699999998,-88.3851218,0,NoFix,649520192,0,0,251347900,387430,861.716854628714,91389.31830010815,46.11152674397454,6832,16592,-969168,1216250,-4287500,-892500,0,0,-1560000,-2468,244,-2682
1781646543724,2.165314467533449,,0,0,0,0,0,0,1,0,0,0,27.4864154,-88.38266209999999,0,NoFix,649520192,0,0,251348500,387930,862.4033553584128,91381.72970662118,46.115927344188094,4880,6832,-973072,-568750,2458750,-472500,0,0,-780000,-2442,239,-2689
1781646544211,2.007755500095982,,0,0,0,0,0,0,1,0,0,0,26.6522616,-88.0562106,0,NoFix,649520192,0,0,251349100,388430,862.4033553584128,91381.72970662118,46.115927344188094,-12688,20496,-961360,770000,-2038750,-892500,0,0,-1560000,-2450,219,-2751
1781646544696,0.7810755351829357,,0,0,0,0,0,0,1,0,0,0,27.4830373,-88.37938249999999,0,NoFix,649520192,0,0,251349300,388930,861.6380745346311,91390.18916954522,46.115927344188094,-25376,21472,-961360,-586250,665000,0,0,0,-1560000,-2432,252,-2739
1781646545212,1.5463292505630761,,0,0,0,0,0,0,1,0,0,0,27.480925799999998,-88.3773329,0,NoFix,649520192,0,0,251349900,389430,861.716854628714,91389.31830010815,46.11152674397454,235216,-6832,-947696,6168750,-1592500,3150000,0,0,-780000,-2445,212,-2720
1781646545723,1.5463292505630761,,0,0,0,0,0,0,1,0,0,0,27.4783917,-88.37487349999999,0,NoFix,649520192,0,0,251350400,389930,861.4805166964697,91391.93090259066,46.12472853064537,-2928,20496,-950624,-1898750,2458750,-892500,0,-780000,-1560000,-2400,199,-2711
1781646546208,1.8501996659472297,,0,0,0,0,0,0,1,0,0,0,27.476279899999998,-88.372824,0,NoFix,649520192,0,0,251350900,390430,862.0882468233892,91385.21285966327,46.133529698476195,-23424,3904,-952576,-5057500,1111250,-892500,0,0,-780000,-2470,241,-2752
1781646546694,0.927362133318411,,0,0,0,0,0,0,1,0,0,0,27.4741678,-88.3707747,0,NoFix,649520256,0,0,251351400,390930,862.4033553584128,91381.72970662118,46.115927344188094,-3904,976,-943792,3893750,-236250,1321250,0,0,-780000,-2430,213,-2775
1781646547209,1.692646965072413,,0,0,0,0,0,0,1,0,0,0,27.4716332,-88.3683155,0,NoFix,649520192,0,0,251352000,391430,863.0111385800524,91375.01168375884,46.12472853064537,-5856,-8784,-957456,-560000,-2485000,-892500,0,0,-780000,-2417,223,-2756
1781646547695,2.840679643297449,,0,0,0,0,0,0,1,0,0,0,26.637596799999997,-88.0426576,0,NoFix,649520192,0,0,251352500,391930,862.0882468233892,91385.21285966327,46.133529698476195,-20496,5856,-957456,1207500,210000,437500,0,0,-780000,-2412,213,-2741
1781646548206,2.4579880248912787,,0,0,0,0,0,0,1,0,0,0,26.635008199999998,-88.04026619999999,0,NoFix,649520192,0,0,251353100,392430,861.7055973796,91389.44274222657,46.133529698476195,5856,24400,-969168,2555000,665000,-892500,0,0,-780000,-2455,203,-2717
1781646548692,1.692646965072413,,0,0,0,0,0,0,1,0,0,0,26.6337138,-88.0390706,0,NoFix,649520256,0,0,251353400,392930,861.7055973796,91389.44274222657,46.133529698476195,-3904,-3904,-957456,323750,1557500,437500,0,0,-1560000,-2443,199,-2729
1781646549207,1.692646965072413,,0,0,0,0,0,0,1,0,0,0,26.6315563,-88.037078,0,NoFix,649520192,0,0,251353900,393430,861.9306972557873,91386.95442452565,46.14233084768057,1952,-976,-953552,-131250,5162500,-2222500,0,0,-780000,-2472,215,-2740
1781646549694,1.2312218448388421,,0,0,0,0,0,0,1,0,0,0,26.6293987,-88.0350854,0,NoFix,649520192,0,0,251354400,393930,861.2441858142181,91394.54348758482,46.13793027540669,5856,12688,-972096,-568750,-2021250,1767500,0,0,-1560000,-2428,177,-2746
1781646550180,1.6138717896137678,,0,0,0,0,0,0,1,0,0,0,26.6272409,-88.0330929,0,NoFix,649520192,0,0,251354900,394430,861.9306972557873,91386.95442452565,46.14233084768057,-15616,9760,-984784,315000,-1137500,910000,0,0,-780000,-2479,172,-2733
1781646550690,1.9177619002595065,,0,0,0,0,0,0,1,0,0,0,25.7920497,-87.7124451,0,NoFix,649520256,0,0,251355400,394930,861.9306972557873,91386.95442452565,46.14233084768057,3904,-3904,-959408,-1898750,2012500,-2660000,0,0,-780000,-2434,221,-2715
1781646551206,1.8389887924115556,,0,0,0,0,0,0,1,0,0,0,26.6224933,-88.0287096,0,NoFix,649520320,0,0,251356000,395430,861.6268217031557,91390.31356378864,46.13793027540669,-2928,4880,-951600,1662500,2012500,883750,0,0,-780000,-2468,217,-2682
1781646551692,1.3775509631333307,,0,0,0,0,0,0,1,0,0,0,27.4526161,-88.3498757,0,NoFix,649520320,0,0,251356500,395930,862.6960403195843,91378.49451598291,46.14233084768057,0,10736,-968192,1216250,1557500,2213750,0,0,-1560000,-2426,214,-2713
1781646552176,1.6138717896137678,,0,0,0,0,0,0,1,0,0,0,27.4500796,-88.3474176,0,NoFix,649520320,0,0,251357100,396430,861.6943787792593,91389.56675724247,46.15553253656253,236192,976,-959408,-5486250,2913750,-472500,0,780000,-780000,-2462,213,-2710
1781646552664,0.5334890795202227,,0,0,0,0,0,0,1,0,0,0,27.449233999999997,-88.3465982,0,NoFix,649520320,0,0,251357300,396930,862.1558163261917,91384.46594948822,46.15113197825849,-21472,11712,-967216,-1907500,-691250,883750,0,0,-780000,-2425,234,-2644
1781646553174,2.0641249906065013,,0,0,0,0,0,0,1,0,0,0,26.6142911,-88.02113949999999,0,NoFix,649520320,0,0,251357900,397430,861.7731508214501,91388.695981614,46.15113197825849,20496,1952,-955504,-3228750,-245000,1321250,0,0,-780000,-2440,252,-2694
1781646553690,1.3775509631333307,,0,0,0,0,0,0,1,0,0,0,25.779273699999997,-87.7012112,0,NoFix,649520320,0,0,251358400,397930,862.38095459197,91381.97731711458,46.15993309020996,-1952,2928,-970144,2555000,-1575000,883750,0,0,-1560000,-2472,223,-2682
1781646554175,1.220007662060084,,0,0,0,0,0,0,1,0,0,0,27.4424685,-88.34004379999999,0,NoFix,649520320,0,0,251358900,398430,861.6943787792593,91389.56675724247,46.15553253656253,-11712,-3904,-969168,1671250,2003750,-1776250,0,0,-780000,-2457,208,-2770
1781646554662,1.9853547336531392,,0,0,0,0,0,0,1,0,0,0,27.440353899999998,-88.3379957,0,NoFix,649520320,0,0,251359400,398930,862.2234164279686,91383.71870601772,46.16873418353498,-14640,-2928,-983808,770000,1548750,1767500,0,0,-780000,-2459,227,-2687
1781646555148,1.0624674942356478,,0,0,0,0,0,0,1,0,0,0,26.605223,-88.0127737,0,NoFix,649520320,0,0,251360000,399430,861.9982740270447,91386.20742248402,46.15993309020996,4880,-9760,-973072,2555000,1557500,-2660000,0,0,-780000,-2468,209,-2709
1781646555663,1.4451350028050456,,0,0,0,0,0,0,1,0,0,0,26.603063499999998,-88.01078199999999,0,NoFix,649520320,0,0,251360500,399930,861.4580673525525,91392.17907246356,46.16873418353498,-17568,2928,-966240,2555000,210000,0,0,0,-780000,-2468,240,-2710
1781646556174,1.4451350028050456,,0,0,0,0,0,0,1,0,0,0,26.6009039,-88.00879049999999,0,NoFix,649520320,0,0,251361000,400430,862.38095459197,91381.97731711458,46.15993309020996,-12688,0,-957456,1653750,-236250,3981250,0,0,-780000,-2443,258,-2722
1781646556660,1.0624674942356478,,0,0,0,0,0,0,1,0,0,0,26.60004,-88.0079939,0,NoFix,649520320,0,0,251361200,400930,861.9982740270447,91386.20742248402,46.15993309020996,-9760,23424,-955504,-1898750,210000,857500,0,0,-1560000,-2431,234,-2782
1781646557145,1.6026741687278445,,0,0,0,0,0,0,1,0,0,0,26.597880099999998,-88.0060024,0,NoFix,649520320,0,0,251361700,401430,862.4597248489233,91381.10661974708,46.15553253656253,-19520,10736,-952576,1225000,-2940000,0,0,0,-780000,-2436,244,-2733
1781646557661,1.1412371864938677,,0,0,0,0,0,0,1,0,0,0,26.595288099999998,-88.00361269999999,0,NoFix,649520320,0,0,251362300,401930,861.9982740270447,91386.20742248402,46.15993309020996,-13664,242048,-967216,-113750,210000,2651250,0,0,-1560000,-2457,228,-2739
1781646558147,1.6026741687278445,,0,0,0,0,0,0,1,0,0,0,25.718757,-87.6683965,0,NoFix,649520320,0,0,251362800,402430,862.4597248489233,91381.10661974708,46.15553253656253,-8784,1952,-974048,3001250,3806250,-26250,0,0,-780000,-2483,199,-2733
1781646558658,1.2987789209424818,,0,0,0,0,0,0,1,0,0,0,25.7156675,-87.66568989999999,0,NoFix,649520320,0,0,251363500,402930,862.5384958891729,91380.23592043591,46.15113197825849,1952,15616,-968192,4812500,665000,1767500,0,0,-780000,-2479,265,-2755
1781646559143,1.456323788640475,,0,0,0,0,0,0,1,0,0,0,25.713901999999997,-87.66414329999999,0,NoFix,649520320,0,0,251364000,403430,861.3904993737619,91392.9260168134,46.15113197825849,246928,-2928,-949648,-603750,1111250,0,780000,0,-780000,-2451,226,-2704
1781646559659,2.2216678544081105,,0,0,0,0,0,0,1,0,0,0,25.711253499999998,-87.6618235,0,NoFix,649520320,0,0,251364500,403931,861.3904993737619,91392.9260168134,46.15113197825849,-18544,-19520,-967216,332500,-236250,-892500,0,0,-1560000,-2446,228,-2702
1781646560146,1.1524469517163425,,0,0,0,0,0,0,1,0,0,0,25.7090462,-87.6598905,0,NoFix,649520384,0,0,251365000,404431,862.245799524264,91383.471287028,46.12472853064537,-18544,5856,-949648,-1006250,-236250,437500,0,0,-780000,-2455,232,-2679
1781646560631,2.3792138514269254,,0,0,0,0,0,0,1,0,0,0,25.707721799999998,-87.65873069999999,0,NoFix,649520384,0,0,251365300,404931,862.0882468233892,91385.21285966327,46.133529698476195,-11712,19520,-964288,-3675000,-1137500,0,0,0,-1560000,-2449,217,-2689
1781646561142,1.467551224141971,,0,0,0,0,0,0,1,0,0,0,25.705514299999997,-87.6567977,0,NoFix,649520320,0,0,251365800,405431,860.7940696165401,91399.51958857753,46.12032793974504,-1952,-246928,-975024,-1452500,665000,1767500,0,0,-1560000,-2405,227,-2722
1781646561658,1.62510806031014,,0,0,0,0,0,0,1,0,0,0,25.7028651,-87.6544783,0,NoFix,649520320,0,0,251366400,405931,861.5592952238836,91391.06003703942,46.12032793974504,-9760,13664,-957456,-568750,210000,437500,0,0,-1560000,-2486,192,-2679
1781646562144,1.4788173085704557,,0,0,0,0,0,0,1,0,0,0,25.7006573,-87.6525455,0,NoFix,649520320,0,0,251366900,406431,861.8744171668873,91387.57655540609,46.10272552957758,-20496,241072,-962336,5223750,3360000,-26250,0,0,-1560000,-2474,220,-2740
1781646562630,1.3325506675533916,,0,0,0,0,0,0,1,0,0,0,25.6984493,-87.65061279999999,0,NoFix,649520320,0,0,251367400,406931,861.2667632431167,91394.29389655146,46.09392429655418,-4880,1952,-964288,-6361250,-245000,-26250,0,0,-780000,-2476,234,-2675
1781646563115,1.872737362395128,,0,0,0,0,0,0,1,0,0,0,25.6962412,-87.64868009999999,0,NoFix,649520320,0,0,251367900,407431,862.1107668491644,91384.96392378556,46.089523673057556,-18544,5856,-947696,-3692500,3360000,-446250,0,0,-1560000,-2479,224,-2748
1781646563626,1.1075207733157413,,0,0,0,0,0,0,1,0,0,0,25.693591299999998,-87.6463611,0,NoFix,649520320,0,0,251368500,407931,861.6606961407446,91389.9390997812,46.07192113250494,2928,10736,-972096,-2345000,-2485000,-1330000,0,0,-1560000,-2446,213,-2741
1781646564141,1.2650962824277485,,0,0,0,0,0,0,1,0,0,0,25.691382899999997,-87.6444286,0,NoFix,649520384,0,0,251369000,408431,862.7410671355414,91377.99682069721,46.05431851744652,1952,8784,-956480,-1872500,-5188750,883750,0,0,-780000,-2414,202,-2693
1781646564627,1.343885212014925,,0,0,0,0,0,0,1,0,0,0,25.6900577,-87.6432691,0,NoFix,649520384,0,0,251369300,408931,861.8970652795738,91387.32619841915,46.05871917819604,-244976,7808,-964288,-2808750,-1592500,1767500,0,780000,-780000,-2417,215,-2715
1781646565112,1.9628549624201241,,0,0,0,0,0,0,1,0,0,0,25.687849099999998,-87.64133679999999,0,NoFix,649520320,0,0,251369800,409431,861.7508582613684,91388.94241123306,46.04551718197763,3904,-3904,-960384,-3692500,1557500,-1776250,0,0,-780000,-2437,276,-2714
1781646565599,1.737841610299938,,0,0,0,0,0,0,1,0,0,0,25.6851985,-87.639018,0,NoFix,649520384,0,0,251370400,409931,861.5258791521849,91391.42943771291,46.03671582788229,-14640,10736,-950624,770000,-3395000,437500,0,0,-780000,-2454,260,-2713
1781646566140,1.9742248495817876,,0,0,0,0,0,0,1,0,0,0,25.682989499999998,-87.6370858,0,NoFix,649520384,0,0,251370900,410431,861.8410686470125,91387.94519794841,46.019113063812256,-15616,976,-961360,-1461250,-2038750,0,0,0,-1560000,-2463,234,-2743
1781646566626,1.0629166885669292,,0,0,0,0,0,0,1,0,0,0,25.6807803,-87.63515369999999,0,NoFix,649520384,0,0,251371400,410931,861.9986680946863,91386.20306642575,46.01031165383756,-7808,2928,-970144,3885000,1986250,883750,0,0,-780000,-2450,220,-2734
1781646567112,1.141716521825515,,0,0,0,0,0,0,1,0,0,0,25.678570999999998,-87.6332216,0,NoFix,649520384,0,0,251371900,411431,862.3812332422302,91381.97423700555,46.01031165383756,2928,13664,-959408,-3692500,-2940000,-1338750,0,0,-780000,-2451,215,-2702
1781646567598,2.4470124789185093,,0,0,0,0,0,0,1,0,0,0,25.675919699999998,-87.63090319999999,0,NoFix,649520384,0,0,251372500,411931,861.8525235470192,91387.81857259886,45.997109503950924,-5856,15616,-953552,761250,2003750,-446250,0,0,-1560000,-2489,248,-2701
1781646568113,2.4584475211662493,,0,0,0,0,0,0,1,0,0,0,27.4234194,-88.2981101,0,NoFix,649520384,0,0,251373000,412431,862.4714852388191,91380.97662531084,45.98390731215477,3904,-11712,-961360,4322500,210000,1330000,0,0,-780000,-2460,228,-2768
1781646568623,1.1531923939285207,,0,0,0,0,0,0,1,0,0,0,27.4225727,-88.29729069999999,0,NoFix,649520384,0,0,251373200,412931,862.550290838012,91380.1055450052,45.979506572242826,-976,16592,-959408,2983750,1102500,-446250,0,0,-780000,-2438,240,-2751
1781646569110,0.9282832512935784,,0,0,0,0,0,0,1,0,0,0,27.4204558,-88.2952421,0,NoFix,649520384,0,0,251373700,413431,862.8540473794831,91376.74802487002,45.98390731215477,-5856,16592,-957456,1198750,-1592500,0,0,0,-780000,-2469,211,-2668
1781646569596,1.772143389780922,,0,0,0,0,0,0,1,0,0,0,26.5434016,-87.9558423,0,NoFix,649520384,0,0,251374300,413931,861.9428252597786,91386.82035969594,45.9707050784491,-17568,13664,-988688,1207500,1102500,-1338750,0,780000,-780000,-2485,193,-2735
1781646570112,1.4684172331606078,,0,0,0,0,0,0,1,0,0,0,26.541237799999998,-87.95385279999999,0,NoFix,649520384,0,0,251374800,414431,863.394233547972,91370.77741760697,45.97510582767427,-24400,4880,-947696,2100000,5153750,1330000,0,0,-780000,-2493,284,-2720
1781646570597,1.164706909451752,,0,0,0,0,0,0,1,0,0,0,26.538641,-87.9514655,0,NoFix,649520384,0,0,251375400,414931,861.7064031050711,91389.43383541152,45.98390731215477,-3904,23424,-966240,-5022500,-1137500,-446250,0,0,-780000,-2473,239,-2750
1781646571108,1.6933372894291097,,0,0,0,0,0,0,1,0,0,0,26.5364768,-87.94947619999999,0,NoFix,649520384,0,0,251376000,415431,860.9413771601727,91397.8910578054,45.98390731215477,-12688,5856,-960384,1207500,1557500,437500,0,0,-780000,-2493,224,-2747
1781646571594,2.154690979695147,,0,0,0,0,0,0,1,0,0,0,25.6586808,-87.61583619999999,0,NoFix,649520384,0,0,251376400,415931,862.392680423013,91381.8477036777,45.9883080474101,-2928,12688,-964288,-577500,-1146250,1330000,0,0,-780000,-2507,242,-2741
1781646572080,1.6933372894291097,,0,0,0,0,0,0,1,0,0,0,26.5317151,-87.9451,0,NoFix,649520384,0,0,251377000,416431,861.7064031050711,91389.43383541152,45.98390731215477,1952,-6832,-963312,2537500,2003750,-3596250,0,0,-1560000,-2468,223,-2728
1781646572596,1.3108032467542898,,0,0,0,0,0,0,1,0,0,0,26.5308492,-87.9443043,0,NoFix,649520448,0,0,251377300,416931,862.7752430648387,91377.61906507338,45.9883080474101,-12688,2928,-948672,-1470000,-1592500,-446250,0,0,-780000,-2473,211,-2741
1781646573082,1.535727438889353,,0,0,0,0,0,0,1,0,0,0,26.5282515,-87.9419175,0,NoFix,649520448,0,0,251377800,417431,862.0101318307825,91386.07634535508,45.9883080474101,3904,5856,-950624,-2800000,-691250,0,0,0,-1560000,-2464,203,-2735
1781646573592,1.997080564696148,,0,0,0,0,0,0,1,0,0,0,26.5265196,-87.9403263,0,NoFix,649520384,0,0,251378300,417931,861.7064031050711,91389.43383541152,45.98390731215477,233264,21472,-958432,-2397500,1557500,1347500,0,0,-1560000,-2468,205,-2698
1781646574077,1.535727438889353,,0,0,0,0,0,0,1,0,0,0,26.5239215,-87.93793959999999,0,NoFix,649520384,0,0,251378800,418431,862.0101318307825,91386.07634535508,45.9883080474101,-976,23424,-978928,-2353750,656250,883750,0,0,-780000,-2426,180,-2702
1781646574593,1.918276532265054,,0,0,0,0,0,0,1,0,0,0,26.5213233,-87.93555309999999,0,NoFix,649520384,0,0,251379400,418931,861.5487922522453,91391.1761428606,45.99270877800882,-45872,6832,-977952,1645000,-1592500,1347500,0,0,-780000,-2453,230,-2658
1781646575079,1.918276532265054,,0,0,0,0,0,0,1,0,0,0,26.5191579,-87.9335643,0,NoFix,649520384,0,0,251379900,419431,862.1562706758749,91384.46092714445,46.001510225236416,-26352,2928,-965264,-3246250,-2467500,-2222500,0,0,-780000,-2447,245,-2699
1781646575565,1.6818691352722226,,0,0,0,0,0,0,1,0,0,0,26.5169923,-87.9315757,0,NoFix,649520384,0,0,251380400,419932,861.7737205802231,91388.68968331181,46.001510225236416,-15616,7808,-969168,4383750,-6545000,3097500,0,0,-780000,-2472,264,-2744
1781646576050,1.7606708175580934,,0,0,0,0,0,0,1,0,0,0,26.513960299999997,-87.92879169999999,0,NoFix,649520512,0,0,251381100,420432,862.3812332422302,91381.97423700555,46.01031165383756,9760,17568,-965264,-1470000,-1592500,-1338750,0,0,-780000,-2447,224,-2673
1781646576602,0.6803786369115414,,0,0,0,0,0,0,1,0,0,0,27.4331061,-88.2814873,0,NoFix,649520384,0,0,251381300,420932,862.4600336400025,91381.10320649759,46.005910941865295,-248880,18544,-953552,2135000,656250,2213750,0,0,-780000,-2466,230,-2737
1781646577077,2.289413469014562,,0,0,0,0,0,0,1,0,0,0,26.5104947,-87.9256102,0,NoFix,649520448,0,0,251381900,421432,862.3024336278289,91382.84526557395,46.014712361153215,2928,17568,-956480,315000,-245000,437500,0,0,-1560000,-2445,225,-2761
1781646577563,1.2878724745293084,,0,0,0,0,0,0,1,0,0,0,27.428448399999997,-88.2769766,0,NoFix,649520512,0,0,251382400,421932,862.6062149974287,91379.48738953017,46.019113063812256,-240096,20496,-952576,-2371250,-245000,2240000,0,0,-1560000,-2438,251,-2665
1781646578048,1.2878724745293084,,0,0,0,0,0,0,1,0,0,0,27.426330999999998,-88.2749264,0,NoFix,649520512,0,0,251382900,422432,862.4486206877089,91381.22936064305,46.0279144551605,-23424,42944,-958432,2983750,1557500,2213750,0,0,-1560000,-2454,242,-2733
1781646578565,1.8954296531261434,,0,0,0,0,0,0,1,0,0,0,27.4242135,-88.2728763,0,NoFix,649520448,0,0,251383400,422932,861.6834723328461,91389.6873217112,46.0279144551605,976,3904,-959408,1653750,-227500,1330000,0,0,-780000,-2460,194,-2775
1781646579075,1.3552584030516073,,0,0,0,0,0,0,1,0,0,0,27.422095799999997,-88.2708263,0,NoFix,649520448,0,0,251383900,423432,862.5160387279547,91380.48415101458,46.04551718197763,-6832,6832,-972096,3893750,-691250,2213750,0,0,-1560000,-2441,266,-2765
1781646579561,2.345467277224543,,0,0,0,0,0,0,1,0,0,0,26.4996624,-87.91566929999999,0,NoFix,649520448,0,0,251384400,423932,862.0546486222469,91385.58425447199,46.04991785204038,-4880,-237168,-956480,-4576250,-2493750,463750,0,0,-1560000,-2484,244,-2696
1781646580047,1.5014654212569667,,0,0,0,0,0,0,1,0,0,0,26.497062099999997,-87.9132837,0,NoFix,649520448,0,0,251385000,424432,862.5834873638944,91379.73860811655,46.063119834288955,-13664,17568,-976976,323750,-2940000,3990000,0,0,-780000,-2458,242,-2687
1781646580562,1.8052741886139074,,0,0,0,0,0,0,1,0,0,0,26.4957618,-87.91209099999999,0,NoFix,649520448,0,0,251385300,424932,861.4356895717449,91392.42645177343,46.063119834288955,247904,-3904,-963312,2143750,-2493750,1767500,0,0,-780000,-2444,244,-2695
1781646581048,2.030310867303456,,0,0,0,0,0,0,1,0,0,0,26.4931612,-87.9097056,0,NoFix,649520512,0,0,251385900,425432,862.5046986530855,91380.6094989148,46.067520485725254,-8784,5856,-986736,-4576250,-2458750,-892500,0,0,-780000,-2472,222,-2722
1781646581559,1.6476965482012247,,0,0,0,0,0,0,1,0,0,0,26.4909938,-87.9077179,0,NoFix,649520512,0,0,251386400,425932,862.2683372207119,91383.22215966196,46.080722412094474,-248880,4880,-970144,-3272500,-1137500,437500,0,0,-1560000,-2458,216,-2735
1781646582045,1.1075207733157413,,0,0,0,0,0,0,1,0,0,0,27.408962499999998,-88.2581179,0,NoFix,649520512,0,0,251387000,426432,862.1895516432675,91384.09304269466,46.08512304490432,-9760,240096,-950624,2555000,2458750,1321250,0,0,-1560000,-2470,239,-2744
1781646582531,2.559225594280747,,0,0,0,0,0,0,1,0,0,0,27.4072674,-88.2564783,0,NoFix,649520512,0,0,251387400,426932,862.1895516432675,91384.09304269466,46.08512304490432,-1952,12688,-959408,1207500,656250,2660000,0,0,-1560000,-2477,229,-2742
1781646583047,1.7151669908475924,,0,0,0,0,0,0,1,0,0,0,27.404724599999998,-88.2540191,0,NoFix,649520512,0,0,251388000,427432,861.3455482559368,91393.42294108144,46.089523673057556,0,4880,-971120,1662500,-691250,-2266250,0,0,-780000,-2438,178,-2740
1781646583532,1.5575997526589163,,0,0,0,0,0,0,1,0,0,0,27.4026055,-88.2519698,0,NoFix,649520512,0,0,251388500,427932,861.9531996109757,91386.70568014141,46.09832491539419,4880,7808,-967216,-2791250,3806250,883750,0,0,-1560000,-2427,201,-2758
1781646584043,2.2440951262381077,,0,0,0,0,0,0,1,0,0,0,27.4000623,-88.2495107,0,NoFix,649520512,0,0,251389100,428432,861.8744171668873,91387.57655540609,46.10272552957758,-8784,24400,-957456,-1907500,1548750,1767500,0,0,-780000,-2465,233,-2682
1781646584530,1.62510806031014,,0,0,0,0,0,0,1,0,0,0,27.3979428,-88.2474616,0,NoFix,649520512,0,0,251389600,428932,862.0994875117012,91385.08860526925,46.11152674397454,1952,9760,-957456,-5092500,1557500,-2668750,0,0,-780000,-2460,234,-2724
1781646585045,1.400035647814434,,0,0,0,0,0,0,1,0,0,0,27.3970949,-88.246642,0,NoFix,649520512,0,0,251389900,429432,862.3245770496775,91382.60049779597,46.12032793974504,-6832,28304,-945744,-5906250,-2038750,0,0,0,-780000,-2464,236,-2697
1781646585530,1.3212547703972177,,0,0,0,0,0,0,1,0,0,0,27.3945512,-88.2441831,0,NoFix,649520512,0,0,251390400,429932,862.245799524264,91383.471287028,46.12472853064537,-15616,-244976,-963312,2108750,210000,437500,0,0,-780000,-2444,206,-2715
1781646586017,1.7714229238491725,,0,0,0,0,0,0,1,0,0,0,27.3920073,-88.24172449999999,0,NoFix,649520576,0,0,251391000,430432,862.245799524264,91383.471287028,46.12472853064537,-15616,25376,-976976,-8155000,-2485000,1767500,0,780000,-780000,-2457,206,-2723
1781646586527,0.927362133318411,,0,0,0,0,0,0,1,0,0,0,27.3898872,-88.2396756,0,NoFix,649520576,0,0,251391500,430932,862.0882468233892,91385.21285966327,46.133529698476195,7808,0,-965264,-1015000,-2467500,-1338750,0,0,-780000,-2443,223,-2645
1781646587043,2.075310465879511,,0,0,0,0,0,0,1,0,0,0,26.466708699999998,-87.8854604,0,NoFix,649520576,0,0,251392000,431432,861.3229619916352,91393.67262786353,46.133529698476195,-1952,16592,-954528,1216250,665000,-472500,0,0,-1560000,-2469,202,-2673
1781646587529,1.6138717896137678,,0,0,0,0,0,0,1,0,0,0,26.4641056,-87.88307619999999,0,NoFix,649520576,0,0,251392600,431932,862.6960403195843,91378.49451598291,46.14233084768057,-1952,9760,-974048,-1452500,-1137500,3097500,0,0,-780000,-2464,234,-2676
1781646588015,1.6814449266503289,,0,0,0,0,0,0,1,0,0,0,26.4619362,-87.8810895,0,NoFix,649520576,0,0,251393100,432432,861.7731508214501,91388.695981614,46.15113197825849,-4880,29280,-966240,-113750,-3386250,1321250,0,0,-1560000,-2482,224,-2675
1781646588501,1.220007662060084,,0,0,0,0,0,0,1,0,0,0,27.430736399999997,-88.2502564,0,NoFix,649520576,0,0,251393600,432932,862.4597248489233,91381.10661974708,46.15553253656253,-6832,11712,-957456,-6396250,665000,1767500,0,0,-780000,-2487,221,-2679
1781646589040,1.9853547336531392,,0,0,0,0,0,0,1,0,0,0,27.4298891,-88.24943569999999,0,NoFix,649520576,0,0,251393800,433432,862.3021851183212,91382.84801253815,46.16433363920078,-2928,0,-965264,-4576250,-691250,437500,0,0,-780000,-2504,235,-2673
1781646589527,2.5932218829201474,,0,0,0,0,0,0,1,0,0,0,26.456294999999997,-87.8759244,0,NoFix,649520576,0,0,251394400,433932,861.8407348611219,91387.94888770382,46.16873418353498,-10736,-9760,-964288,1671250,2003750,1321250,0,0,-1560000,-2492,231,-2694
1781646590013,1.9065852600043627,,0,0,0,0,0,0,1,0,0,0,26.4541251,-87.8739379,0,NoFix,649520576,0,0,251394900,434432,862.6848802436654,91378.61787208373,46.16433363920078,-5856,241072,-966240,-3692500,1111250,3613750,0,0,-780000,-2459,250,-2680
1781646590498,1.827816569651759,,0,0,0,0,0,0,1,0,0,0,26.4515209,-87.8715543,0,NoFix,649520576,0,0,251395500,434932,862.9100548361163,91376.12896708494,46.17313472321257,11712,-4880,-970144,-560000,210000,1321250,0,0,-780000,-2458,230,-2718
1781646591014,1.5915151983881515,,0,0,0,0,0,0,1,0,0,0,26.4493506,-87.869568,0,NoFix,649520576,0,0,251396000,435432,861.3005303179767,91393.92060622238,46.17753525823355,243024,-976,-977952,-551250,-691250,490000,0,0,-1560000,-2453,206,-2700
1781646591524,0.5222760063195437,,0,0,0,0,0,0,1,0,0,0,26.447180099999997,-87.8675818,0,NoFix,649520576,0,0,251396500,435932,861.5256659289378,91391.43179481044,46.18633631430566,-3904,12688,-964288,-5048750,3815000,-3990000,0,0,-1560000,-2483,218,-2666
1781646592011,1.670281538842346,,0,0,0,0,0,0,1,0,0,0,26.444575399999998,-87.8651984,0,NoFix,649520576,0,0,251397100,436433,861.3005303179767,91393.92060622238,46.17753525823355,7808,-4880,-973072,-3675000,3780000,0,0,0,-780000,-2472,238,-2707
1781646592496,2.2781589621223475,,0,0,0,0,0,0,1,0,0,0,26.4424046,-87.8632124,0,NoFix,649520576,0,0,251397600,436933,862.6737588204392,91378.74080107735,46.18633631430566,-16592,11712,-953552,-4567500,-3823750,-1776250,0,0,-780000,-2444,237,-2679
1781646592983,2.6608847147934966,,0,0,0,0,0,0,1,0,0,0,26.441536199999998,-87.86241799999999,0,NoFix,649520576,0,0,251397800,437433,861.9083494995436,91387.20146049246,46.18633631430566,-11712,12688,-968192,5678750,2458750,437500,-780000,0,-1560000,-2503,222,-2723
1781646593498,2.0529781670611555,,0,0,0,0,0,0,1,0,0,0,26.439365199999997,-87.860432,0,NoFix,649520576,0,0,251398400,437933,861.7508207351076,91388.94282606168,46.19513735175133,-4880,-9760,-952576,1715000,-2931250,437500,0,0,-780000,-2497,246,-2695
1781646594009,1.9742123275527774,,0,0,0,0,0,0,1,0,0,0,26.436759799999997,-87.858049,0,NoFix,649520576,0,0,251398900,438433,862.1335193670684,91384.71241850227,46.19513735175133,16592,12688,-978928,-2782500,-1137500,1767500,0,0,-1560000,-2486,259,-2682
1781646594496,1.5127496412268329,,0,0,0,0,0,0,1,0,0,0,26.4345885,-87.8560632,0,NoFix,649520576,0,0,251399400,438933,862.1335193670684,91384.71241850227,46.19513735175133,-10736,6832,-956480,4348750,3351250,1767500,0,0,-780000,-2470,271,-2703
1781646594980,1.7379195087515882,,0,0,0,0,0,0,1,0,0,0,26.432416999999997,-87.8540775,0,NoFix,649520576,0,0,251399900,439433,861.9083494995436,91387.20146049246,46.18633631430566,-15616,976,-968192,-4567500,2012500,1767500,0,0,-780000,-2453,254,-2670
1781646595496,1.1976952455353285,,0,0,0,0,0,0,1,0,0,0,26.4302454,-87.85209189999999,0,NoFix,649520576,0,0,251400400,439933,861.5932951038521,91390.6841838504,46.20393837057054,-32208,8784,-974048,3010000,218750,883750,0,0,-1560000,-2486,240,-2751
1781646595983,1.1976952455353285,,0,0,0,0,0,0,1,0,0,0,26.428073599999998,-87.8501063,0,NoFix,649520576,0,0,251401000,440433,862.2122828567138,91383.84177484765,46.1907368353568,-976,14640,-973072,1671250,-1128750,-446250,0,0,-1560000,-2467,237,-2650
1781646596494,1.2764576695167307,,0,0,0,0,0,0,1,0,0,0,26.4254672,-87.8477238,0,NoFix,649520576,0,0,251401500,440933,862.3587084321647,91382.22321917594,46.20393837057054,-11712,7808,-966240,-1890000,2467500,1321250,0,0,-1560000,-2432,234,-2611
1781646596980,1.1189336048504401,,0,0,0,0,0,0,1,0,0,0,25.501592,-87.5014751,0,NoFix,649520576,0,0,251401700,441433,861.6720575278335,91389.81350592867,46.19953786348924,5856,17568,-962336,341250,218750,17500,0,0,-780000,-2480,244,-2642
1781646597495,1.1189336048504401,,0,0,0,0,0,0,1,0,0,0,25.4989273,-87.4991654,0,NoFix,649520576,0,0,251402300,441933,862.5051581245783,91380.60442012845,46.21713986387476,-10736,2928,-961360,-551250,2003750,2213750,0,0,-780000,-2473,252,-2681
1781646597982,1.0401727474497875,,0,0,0,0,0,0,1,0,0,0,25.4967066,-87.49724069999999,0,NoFix,649520576,0,0,251402800,442433,862.5839166959805,91379.73386251394,46.2127393707633,-976,976,-961360,1671250,665000,-498750,0,0,-1560000,-2434,256,-2698
1781646598467,2.188316837663706,,0,0,0,0,0,0,1,0,0,0,25.4944857,-87.4953161,0,NoFix,649520576,0,0,251403300,442933,862.426400336449,91381.47497579745,46.22154035232961,-34160,18544,-940864,1225000,4235000,2651250,0,0,-780000,-2450,221,-2718
1781646598978,1.4228733830505007,,0,0,0,0,0,0,1,0,0,0,26.4154742,-87.8385916,0,NoFix,649520576,0,0,251403800,443433,862.0436705763623,91385.70560615182,46.22154035232961,9760,247904,-958432,-2336250,1566250,-1828750,0,0,-1560000,-2436,274,-2710
1781646599493,2.1095582662615016,,0,0,0,0,0,0,1,0,0,0,25.489599199999997,-87.4910821,0,NoFix,649520640,0,0,251404400,443933,862.0436705763623,91385.70560615182,46.22154035232961,14640,-5856,-957456,-1925000,2913750,-892500,0,0,-780000,-2452,239,-2686
1781646599979,2.41354430135425,,0,0,0,0,0,0,1,0,0,0,25.4873779,-87.48915769999999,0,NoFix,649520640,0,0,251404900,444433,862.3476433315899,91382.34552952077,46.22594083612785,0,3904,-967216,2117500,1548750,883750,0,0,-780000,-2458,232,-2687
1781646600465,2.41354430135425,,0,0,0,0,0,0,1,0,0,0,25.485156399999997,-87.4872334,0,NoFix,649520576,0,0,251405400,444933,861.964913070605,91386.57619803172,46.22594083612785,244000,-2928,-960384,-4138750,218750,1793750,0,0,-780000,-2464,212,-2716
1781646600951,1.6480707180454601,,0,0,0,0,0,0,1,0,0,0,25.4838234,-87.4860789,0,NoFix,649520576,0,0,251405700,445433,862.0436705763623,91385.70560615182,46.22154035232961,-22448,-5856,-974048,1225000,1111250,-918750,0,0,-780000,-2458,239,-2657
1781646601491,2.0308004781321642,,0,0,0,0,0,0,1,0,0,0,25.482046,-87.4845395,0,NoFix,649520576,0,0,251406200,445933,862.0436705763623,91385.70560615182,46.22154035232961,16592,5856,-954528,-105000,2913750,-446250,0,0,-780000,-2464,233,-2665
1781646601978,2.188316837663706,,0,0,0,0,0,0,1,0,0,0,25.4793798,-87.4822305,0,NoFix,649520640,0,0,251406700,446433,862.0436705763623,91385.70560615182,46.22154035232961,-3904,-2928,-960384,-1443750,4226250,0,0,0,-780000,-2459,257,-2648
1781646602463,1.8055880793909864,,0,0,0,0,0,0,1,0,0,0,25.4771577,-87.48030639999999,0,NoFix,649520640,0,0,251407300,446933,861.6609548782243,91389.93623957985,46.22154035232961,-15616,-976,-961360,-2336250,218750,-1776250,0,0,-780000,-2455,208,-2710
1781646602950,1.2653550199074743,,0,0,0,0,0,0,1,0,0,0,25.474491099999998,-87.4779976,0,NoFix,649520640,0,0,251407800,447433,861.2782532408439,91394.16687608174,46.22154035232961,3904,12688,-957456,-4138750,-1583750,-2660000,0,0,-780000,-2464,214,-2692
1781646603434,1.1865970132605526,,0,0,0,0,0,0,1,0,0,0,25.472268699999997,-87.4760737,0,NoFix,649520640,0,0,251408300,447933,862.0436705763623,91385.70560615182,46.22154035232961,1952,-3904,-966240,-1006250,210000,-1382500,0,0,-1560000,-2475,233,-2756
1781646603976,1.4905564898078865,,0,0,0,0,0,0,1,0,0,0,25.4696017,-87.4737651,0,NoFix,649520640,0,0,251408900,448433,861.8861563481247,91387.44678796569,46.23034131526947,-17568,243024,-960384,-1443750,-682500,437500,0,0,-1560000,-2447,235,-2648
1781646604462,1.5693132122881934,,0,0,0,0,0,0,1,0,0,0,25.4673791,-87.4718414,0,NoFix,649520640,0,0,251409400,448933,861.964913070605,91386.57619803172,46.22594083612785,10736,-1952,-979904,1671250,-2038750,-446250,0,0,-780000,-2468,259,-2680
1781646604948,1.5693132122881934,,0,0,0,0,0,0,1,0,0,0,25.4664899,-87.4710719,0,NoFix,649520576,0,0,251409600,449433,862.7303876557191,91378.11486408339,46.22594083612785,-1952,14640,-958432,3001250,-691250,-892500,0,0,-1560000,-2479,210,-2666
1781646605433,1.7945318133583896,,0,0,0,0,0,0,1,0,0,0,25.464267099999997,-87.46914819999999,0,NoFix,649520576,0,0,251410100,449933,862.6516319350301,91378.9853777045,46.23034131526947,-7808,8784,-960384,-4138750,-3386250,3543750,0,0,-780000,-2485,243,-2643
1781646605949,1.4905564898078865,,0,0,0,0,0,0,1,0,0,0,25.461599399999997,-87.4668399,0,NoFix,649520640,0,0,251410700,450433,861.8861563481247,91387.44678796569,46.23034131526947,244976,14640,-963312,-4156250,1111250,0,0,0,-780000,-2483,257,-2681
1781646606459,1.8732872516826546,,0,0,0,0,0,0,1,0,0,0,25.4589315,-87.4645317,0,NoFix,649520640,0,0,251411300,450933,862.5728769976007,91379.8558893798,46.23474178975448,236192,16592,-965264,-2345000,218750,1767500,0,0,-780000,-2486,225,-2670
1781646606946,1.1078397899000265,,0,0,0,0,0,0,1,0,0,0,25.4571529,-87.462993,0,NoFix,649520640,0,0,251411700,451433,861.6498908803256,91390.05854609047,46.24354272475466,-17568,-5856,-963312,315000,665000,-1776250,0,0,-780000,-2480,251,-2682
1781646607431,1.715777158307219,,0,0,0,0,0,0,1,0,0,0,25.454484599999997,-87.460685,0,NoFix,649520640,0,0,251412300,451933,862.2688871099995,91383.2160812983,46.23034131526947,1952,976,-956480,-2782500,665000,2213750,0,0,-780000,-2461,220,-2715
1781646607947,2.4812828762877643,,0,0,0,0,0,0,1,0,0,0,25.452261,-87.4587617,0,NoFix,649520704,0,0,251412800,452433,862.111377016624,91384.95717901531,46.23914225958288,-1952,-10736,-964288,-2336250,-3351250,-446250,0,0,-780000,-2479,230,-2673
1781646608433,1.7945318133583896,,0,0,0,0,0,0,1,0,0,0,25.4500371,-87.45683849999999,0,NoFix,649520704,0,0,251413300,452934,861.807400408917,91388.31737595359,46.23474178975448,-12688,246928,-977952,-2336250,-2038750,1820000,780000,0,-780000,-2470,173,-2645
1781646608919,1.715777158307219,,0,0,0,0,0,0,1,0,0,0,25.4487028,-87.4556846,0,NoFix,649520768,0,0,251413600,453434,862.2688871099995,91383.2160812983,46.23034131526947,6832,6832,-993568,3010000,-1583750,437500,0,0,-780000,-2481,242,-2644
1781646609430,2.4812828762877643,,0,0,0,0,0,0,1,0,0,0,25.4464787,-87.4537615,0,NoFix,649520704,0,0,251414100,453934,862.5728769976007,91379.8558893798,46.23474178975448,976,9760,-967216,-1452500,-3806250,1321250,780000,0,-780000,-2480,267,-2695
1781646609945,2.1772771392838877,,0,0,0,0,0,0,1,0,0,0,25.4442545,-87.4518385,0,NoFix,649520640,0,0,251414700,454434,862.5728769976007,91379.8558893798,46.23474178975448,-19520,5856,-971120,-1435000,-218750,0,780000,0,-780000,-2463,207,-2664
1781646610431,1.0290833498138454,,0,0,0,0,0,0,1,0,0,0,25.442030199999998,-87.4499156,0,NoFix,649520704,0,0,251415100,454934,862.5728769976007,91379.8558893798,46.23474178975448,-10736,7808,-968192,-1435000,-1583750,883750,0,0,-780000,-2448,215,-2735
1781646610917,2.0985229851166878,,0,0,0,0,0,0,1,0,0,0,25.4393608,-87.4476081,0,NoFix,649520704,0,0,251415700,455434,861.728645252984,91389.18796199522,46.23914225958288,-1952,15616,-970144,-1443750,-682500,883750,0,0,-780000,-2475,252,-2678
1781646611403,1.4905564898078865,,0,0,0,0,0,0,1,0,0,0,25.4371361,-87.4456854,0,NoFix,649520704,0,0,251416200,455934,861.8861563481247,91387.44678796569,46.23034131526947,-17568,18544,-949648,341250,-2021250,0,0,0,-780000,-2461,239,-2678
1781646611913,1.7945318133583896,,0,0,0,0,0,0,1,0,0,0,25.4349113,-87.4437626,0,NoFix,649520768,0,0,251416700,456434,861.728645252984,91389.18796199522,46.23914225958288,-15616,18544,-958432,3010000,-236250,1767500,0,0,-780000,-2455,235,-2697
1781646612429,1.2542910220088288,,0,0,0,0,0,0,1,0,0,0,25.4326863,-87.44184,0,NoFix,649520768,0,0,251417200,456934,862.0326231448349,91385.82772495449,46.24354272475466,239120,3904,-962336,1216250,218750,-918750,0,0,-780000,-2489,242,-2740
1781646612916,1.1755374326219226,,0,0,0,0,0,0,1,0,0,0,25.4317963,-87.441071,0,NoFix,649520768,0,0,251417400,457434,861.5711372909387,91390.92912823918,46.24794318526983,-12688,9760,-971120,5232500,-1137500,1321250,0,780000,-1560000,-2436,272,-2664
1781646613401,1.5582701979989224,,0,0,0,0,0,0,1,0,0,0,25.429126099999998,-87.4387639,0,NoFix,649520768,0,0,251418000,457934,861.4923844848306,91391.79970844115,46.25234364112839,-7808,1952,-964288,-2327500,1093750,1321250,0,0,-1560000,-2488,274,-2702
1781646613887,1.4795178927457755,,0,0,0,0,0,0,1,0,0,0,25.426900699999997,-87.4368415,0,NoFix,649520768,0,0,251418500,458434,862.3366168848783,91382.46741272906,46.24794318526983,-20496,13664,-966240,-3675000,665000,883750,0,0,-1560000,-2477,258,-2719
1781646614428,0.7140654222932881,,0,0,0,0,0,0,1,0,0,0,25.4242301,-87.43453459999999,0,NoFix,649520768,0,0,251419100,458934,861.8751177510626,91387.56881099337,46.25234364112839,976,2928,-958432,-1015000,-1583750,437500,0,0,-780000,-2444,267,-2713
1781646614913,2.2450266159981993,,0,0,0,0,0,0,1,0,0,0,25.4220045,-87.4326123,0,NoFix,649520768,0,0,251419600,459434,861.4923844848306,91391.79970844115,46.25234364112839,5856,11712,-967216,-3220000,1120000,437500,0,0,-780000,-2446,232,-2722
1781646615400,2.3237779195071653,,0,0,0,0,0,0,1,0,0,0,25.4193335,-87.4303056,0,NoFix,649520768,0,0,251420200,459934,861.7963662290747,91388.43935109279,46.25674409233034,-6832,4880,-952576,-2336250,-2038750,0,0,0,-1560000,-2457,241,-2624
1781646615885,2.7065528780190107,,0,0,0,0,0,0,1,0,0,0,25.417552699999998,-87.4287679,0,NoFix,649520768,0,0,251420600,460434,861.4923844848306,91391.79970844115,46.25234364112839,0,7808,-956480,-4112500,218750,-1330000,0,0,-780000,-2464,269,-2696
1781646616402,1.4795178927457755,,0,0,0,0,0,0,1,0,0,0,26.340206,-87.7699531,0,NoFix,649520768,0,0,251421100,460934,862.1791140593648,91384.20841856317,46.25674409233034,-15616,4880,-954528,-1881250,-682500,17500,0,0,-1560000,-2476,261,-2690
1781646616911,1.4007663707578786,,0,0,0,0,0,0,1,0,0,0,25.4135456,-87.42530819999999,0,NoFix,649520768,0,0,251421500,461434,862.1791140593648,91384.20841856317,46.25674409233034,-13664,11712,-974048,2563750,218750,1767500,0,0,-780000,-2477,266,-2710
1781646617398,1.9410170265614397,,0,0,0,0,0,0,1,0,0,0,26.336285399999998,-87.7663848,0,NoFix,649520768,0,0,251422000,461934,862.3366168848783,91382.46741272906,46.24794318526983,-7808,7808,-953552,-997500,-236250,-892500,0,0,-780000,-2431,251,-2693
1781646617884,1.7835142010479785,,0,0,0,0,0,0,1,0,0,0,26.334107,-87.7644025,0,NoFix,649520768,0,0,251422500,462434,862.640626474315,91379.10702531906,46.25234364112839,-247904,-976,-947696,-1898750,1111250,1793750,0,0,-780000,-2475,233,-2698
1781646618400,1.0180326036735323,,0,0,0,0,0,0,1,0,0,0,26.3319285,-87.7624202,0,NoFix,649520768,0,0,251423000,462934,861.5711372909387,91390.92912823918,46.24794318526983,10736,10736,-973072,-551250,-1583750,437500,0,0,-780000,-2450,260,-2659
1781646618885,1.0290833498138454,,0,0,0,0,0,0,1,0,0,0,25.4046392,-87.4176208,0,NoFix,649520768,0,0,251423500,463434,861.9538700563157,91386.69826894722,46.24794318526983,-4880,3904,-961360,1225000,-1583750,-892500,0,0,-1560000,-2476,241,-2685
1781646619395,1.9410170265614397,,0,0,0,0,0,0,1,0,0,0,26.3271353,-87.7580596,0,NoFix,649520768,0,0,251424100,463934,862.0326231448349,91385.82772495449,46.24354272475466,16592,6832,-984784,-1435000,-691250,-446250,0,0,-780000,-2439,228,-2710
1781646619881,1.1755374326219226,,0,0,0,0,0,0,1,0,0,0,26.3249563,-87.7560776,0,NoFix,649520768,0,0,251424600,464434,862.4153694725251,91381.59690689223,46.24354272475466,6832,-7808,-960384,3045000,-2485000,-1776250,0,0,-1560000,-2452,215,-2779
1781646620398,2.6278020753958344,,0,0,0,0,0,0,1,0,0,0,26.322341299999998,-87.7536993,0,NoFix,649520768,0,0,251425200,464934,862.3366168848783,91382.46741272906,46.24794318526983,2928,15616,-963312,1225000,-1137500,883750,0,0,-1560000,-2458,224,-2703
1781646620883,1.4007663707578786,,0,0,0,0,0,0,1,0,0,0,26.3214696,-87.7529066,0,NoFix,649520768,0,0,251425400,465434,862.1003638214959,91385.07891856015,46.26114453887567,240096,2928,-970144,-105000,1111250,857500,0,0,-780000,-2488,236,-2652
1781646621370,1.7835142010479785,,0,0,0,0,0,0,1,0,0,0,26.319290199999998,-87.75092479999999,0,NoFix,649520768,0,0,251425900,465934,861.7176154903485,91389.30988924534,46.26114453887567,6832,-2928,-964288,2126250,2450000,-1776250,0,0,-780000,-2465,248,-2672
1781646621879,0.8605309077979655,,0,0,0,0,0,0,1,0,0,0,26.3166747,-87.7485468,0,NoFix,649520768,0,0,251426500,466434,862.0216143668761,91385.94941661028,46.26554498076439,-5856,16592,-966240,341250,-2030000,1793750,0,0,-1560000,-2484,241,-2670
1781646622367,2.391554366980017,,0,0,0,0,0,0,1,0,0,0,27.2385311,-88.094003,0,NoFix,649520768,0,0,251427100,466934,862.2468817055174,91383.45932479181,46.27434585057199,-11712,14640,-965264,2126250,218750,0,0,0,-780000,-2451,189,-2668
1781646622882,1.5472658372059414,,0,0,0,0,0,0,1,0,0,0,26.3123151,-87.7445836,0,NoFix,649520768,0,0,251427500,467434,862.2468817055174,91383.45932479181,46.27434585057199,-11712,236192,-949648,2126250,2467500,1321250,0,0,-780000,-2455,230,-2627
1781646623368,2.076568387831003,,0,0,0,0,0,0,1,0,0,0,27.234694299999997,-88.09032549999999,0,NoFix,649520768,0,0,251428000,467934,861.7066243809674,91389.43138933842,46.28314670175314,9760,-8784,-971120,2572500,665000,1321250,0,0,-780000,-2467,219,-2663
1781646623854,1.9978238511446307,,0,0,0,0,0,0,1,0,0,0,26.307518899999998,-87.7402245,0,NoFix,649520768,0,0,251428600,468434,862.3146799560159,91382.70989769761,46.29194753430784,3904,-4880,-970144,1680000,-2931250,437500,0,0,-780000,-2463,233,-2685
1781646624364,1.3788139718186585,,0,0,0,0,0,0,1,0,0,0,27.230004299999997,-88.0858311,0,NoFix,649520832,0,0,251429200,468934,861.8531565179212,91387.81157558324,46.29634794360027,-4880,-2928,-951600,-2773750,-4733750,883750,780000,780000,-780000,-2459,228,-2715
1781646624880,1.761594940517739,,0,0,0,0,0,0,1,0,0,0,27.228724999999997,-88.0846054,0,NoFix,649520832,0,0,251429400,469435,862.1571947988346,91384.45071196648,46.300748348236084,-2928,7808,-950624,341250,-682500,-2222500,0,0,-780000,-2452,231,-2693
1781646625365,2.0656490731615804,,0,0,0,0,0,0,1,0,0,0,26.301849599999997,-87.7350732,0,NoFix,649520832,0,0,251429900,469935,861.076682005251,91396.39524129636,46.31834992021322,-13664,21472,-963312,-3657500,-2476250,-892500,0,0,-780000,-2477,233,-2700
1781646625851,1.5253730790230975,,0,0,0,0,0,0,1,0,0,0,26.2996689,-87.7330921,0,NoFix,649520768,0,0,251430500,470435,862.9906672051308,91375.2379539257,46.31834992021322,-18544,-12688,-961360,-4103750,-3832500,-1330000,0,0,-780000,-2464,236,-2673
1781646626337,1.8294310637841136,,0,0,0,0,0,0,1,0,0,0,26.2970518,-87.7307149,0,NoFix,649520768,0,0,251431000,470935,861.6847581249573,91389.673108015,46.327150678262115,245952,2928,-967216,-105000,-2030000,1321250,0,0,-780000,-2480,242,-2729
1781646626878,0.8276370881055755,,0,0,0,0,0,0,1,0,0,0,27.2193422,-88.0756179,0,NoFix,649520832,0,0,251431600,471435,863.2160346997941,91372.74699133242,46.327150678262115,-245952,22448,-955504,358750,-682500,1321250,0,0,-780000,-2463,222,-2703
1781646627363,2.358859391253077,,0,0,0,0,0,0,1,0,0,0,26.2926894,-87.726753,0,NoFix,649520832,0,0,251432000,471935,862.0675561653162,91385.44157423372,46.327150678262115,-4880,42944,-983808,-4996250,1120000,-446250,0,0,-1560000,-2481,194,-2630
1781646627849,1.1316856412139487,,0,0,0,0,0,0,1,0,0,0,26.2905081,-87.72477219999999,0,NoFix,649520832,0,0,251432600,472435,862.371632571013,91382.08035974033,46.33155105030164,0,3904,-978928,-1881250,673750,0,0,780000,-1560000,-2452,236,-2634
1781646628336,1.357016192136257,,0,0,0,0,0,0,1,0,0,0,26.2878902,-87.7223954,0,NoFix,649520832,0,0,251433100,472935,862.9011005943413,91376.2279392691,46.344752138480544,-13664,-21472,-965264,341250,-1128750,1767500,0,0,-780000,-2490,251,-2657
1781646628850,1.6610977338075372,,0,0,0,0,0,0,1,0,0,0,26.2865812,-87.72120699999999,0,NoFix,649520832,0,0,251433400,473435,862.3607949878611,91382.20015502206,46.35355284065008,-6832,8784,-963312,796250,-682500,437500,0,0,-780000,-2503,254,-2659
1781646629362,2.6521662060393965,,0,0,0,0,0,0,1,0,0,0,27.209529699999997,-88.06622349999999,0,NoFix,649520832,0,0,251433900,473935,861.2123496474396,91394.89543390092,46.35355284065008,16592,-236192,-944768,1680000,2467500,1767500,0,0,-780000,-2476,217,-2703
1781646629847,1.4249047233982992,,0,0,0,0,0,0,1,0,0,0,26.281781,-87.71684979999999,0,NoFix,649520832,0,0,251434500,474435,863.4306379627535,91370.37505571544,46.35795318474993,-245952,-12688,-976000,-1890000,2467500,437500,0,0,-1560000,-2487,223,-2630
1781646630334,1.729005971029892,,0,0,0,0,0,0,1,0,0,0,26.280035299999998,-87.7152655,0,NoFix,649520832,0,0,251434900,474935,861.7417751446771,91389.04281928019,46.36675385897979,-4880,8784,-962336,3018750,-227500,2240000,0,0,-780000,-2478,271,-2627
1781646630849,1.492823861365764,,0,0,0,0,0,0,1,0,0,0,27.252677799999997,-88.078592,0,NoFix,649520832,0,0,251435500,475435,863.577343135539,91368.75360287595,46.3711541891098,976,3904,-961360,-5477500,5171250,3150000,0,0,-780000,-2449,237,-2659
1781646631336,1.718220296504228,,0,0,0,0,0,0,1,0,0,0,27.2505463,-88.0765469,0,NoFix,649520832,0,0,251436000,475935,862.113820154821,91384.93017265314,46.38875546306372,3904,17568,-965264,-1881250,2467500,-892500,0,0,-780000,-2469,234,-2675
1781646631845,0.8738151115522896,,0,0,0,0,0,0,1,0,0,0,26.272615,-87.70853249999999,0,NoFix,649520832,0,0,251436600,476435,861.3481397076474,91393.39429311945,46.38875546306372,-27328,11712,-960384,350000,2913750,1321250,0,0,-1560000,-2466,239,-2694
1781646632332,2.4839570308846532,,0,0,0,0,0,0,1,0,0,0,26.2704322,-87.70655239999999,0,NoFix,649520832,0,0,251437100,476935,862.8008341542835,91377.33620079215,46.39315576991066,-8784,15616,-948672,-1426250,665000,2213750,0,0,-1560000,-2497,197,-2628
1781646632817,2.3265123442320146,,0,0,0,0,0,0,1,0,0,0,26.269558999999997,-87.7057604,0,NoFix,649520832,0,0,251437300,477435,862.3392357974133,91382.43846400228,46.397556072101,12688,6832,-974048,350000,-1566250,437500,0,780000,-1560000,-2462,219,-2673
1781646633333,0.09738104785265023,,0,0,0,0,0,0,1,0,0,0,26.2669394,-87.70338439999999,0,NoFix,649520832,0,0,251437900,477935,860.8758030290926,91398.61599734653,46.4151572342962,6832,20496,-940864,-3657500,-682500,1321250,0,0,-1560000,-2494,238,-2667
1781646633829,1.628753961147254,,0,0,0,0,0,0,1,0,0,0,28.1629042,-88.4185007,0,NoFix,649520832,0,0,251438400,478435,861.798929908534,91388.41101139804,46.406356662511826,-10736,12688,-964288,-533750,4270000,-5320000,0,0,-780000,-2498,202,-2718
1781646634330,1.7861933837509696,,0,0,0,0,0,0,1,0,0,0,27.188186599999998,-88.0458067,0,NoFix,649520896,0,0,251439000,478935,863.2517490848388,91372.35224913435,46.41075695073232,9760,6832,-963312,350000,-2931250,-892500,0,0,-780000,-2508,262,-2700
1781646634816,1.3926007011245929,,0,0,0,0,0,0,1,0,0,0,28.158736299999997,-88.4142861,0,NoFix,649520832,0,0,251439400,479435,862.171080469456,91384.29722103506,46.42835805704817,-9760,12688,-956480,-96250,-665000,-2222500,0,0,-780000,-2498,249,-2643
1781646635331,1.618050021703084,,0,0,0,0,0,0,1,0,0,0,27.1834891,-88.0413161,0,NoFix,649520960,0,0,251440000,479935,861.9349357600648,91386.90757142649,46.441558837890625,0,32208,-959408,-4987500,2021250,437500,0,0,-780000,-2510,261,-2655
1781646635818,1.618050021703084,,0,0,0,0,0,0,1,0,0,0,28.153734,-88.4092289,0,NoFix,649520960,0,0,251440600,480435,862.7007408081231,91378.44255993061,46.441558837890625,-976,10736,-961360,-1006250,-673750,1321250,0,0,-780000,-2470,251,-2670
1781646636303,1.9222313880369484,,0,0,0,0,0,0,1,0,0,0,28.151649499999998,-88.40712189999999,0,NoFix,649520960,0,0,251441100,480935,862.4646061512408,91381.05266385258,46.45475957682356,-18544,-3904,-963312,-980000,-665000,3097500,0,0,-1560000,-2487,253,-2661
1781646636814,2.3051409498062867,,0,0,0,0,0,0,1,0,0,0,27.227516299999998,-88.0544644,0,NoFix,649520960,0,0,251441400,481435,863.0049526117863,91375.08005723637,46.44595908885822,-11712,-245952,-958432,-1426250,-682500,3123750,0,0,-780000,-2472,213,-2646
1781646637329,2.913580419508662,,0,0,0,0,0,0,1,0,0,0,27.2253829,-88.0524202,0,NoFix,649520960,0,0,251441900,481935,863.3091802778255,91371.71747936406,46.450359335169196,-12688,12688,-946720,-3202500,-6046250,-1776250,0,0,-780000,-2486,219,-2692
1781646637816,2.4519314333737157,,0,0,0,0,0,0,1,0,0,0,27.223249499999998,-88.0503761,0,NoFix,649520896,0,0,251442400,482435,862.4646061512408,91381.05266385258,46.45475957682356,20496,-12688,-972096,-1872500,1120000,3613750,0,0,-780000,-2496,253,-2655
1781646638301,2.756161667059928,,0,0,0,0,0,0,1,0,0,0,27.220689099999998,-88.0479232,0,NoFix,649520896,0,0,251443000,482935,862.3858961652641,91381.92269458859,46.459159813821316,-9760,-3904,-962336,-1872500,2012500,2651250,0,0,-780000,-2460,263,-2679
1781646638788,1.8328786844649585,,0,0,0,0,0,0,1,0,0,0,27.218555199999997,-88.0458793,0,NoFix,649520960,0,0,251443500,483435,861.9242748974009,91387.02541833189,46.463560046162456,-23424,-7808,-973072,358750,1120000,3543750,0,0,-780000,-2484,237,-2679
1781646639328,1.9115871041291257,,0,0,0,0,0,0,1,0,0,0,28.2448487,-88.435349,0,NoFix,649520960,0,0,251444000,483935,862.6114051851858,91379.43002016755,46.467960273846984,-7808,-2928,-976000,-4130000,227500,-446250,0,0,-1560000,-2510,229,-2655
1781646639813,1.2925506276726537,,0,0,0,0,0,0,1,0,0,0,28.137470099999998,-88.3927965,0,NoFix,649520960,0,0,251444500,484435,861.6881504859895,91389.63560741316,46.4767607152462,-7808,239120,-960384,-6326250,-1128750,-918750,0,0,-780000,-2485,229,-2636
1781646640300,2.3626284909488504,,0,0,0,0,0,0,1,0,0,0,28.1353843,-88.3906902,0,NoFix,649520960,0,0,251445000,484935,862.7582283492657,91377.80713308581,46.48116092896089,2928,21472,-972096,1242500,-1575000,1321250,0,0,-1560000,-2467,266,-2647
1781646640785,2.2052207024920563,,0,0,0,0,0,0,1,0,0,0,29.157416899999998,-88.7859022,0,NoFix,649520960,0,0,251445300,485436,862.8369334182016,91376.93718841221,46.4767607152462,0,22448,-944768,350000,1120000,-446250,0,0,-780000,-2471,252,-2649
1781646641272,2.2839242051516067,,0,0,0,0,0,0,1,0,0,0,29.155384899999998,-88.7837249,0,NoFix,649520960,0,0,251445800,485936,862.9837778634451,91375.31410194148,46.48996134242043,-7808,14640,-954528,-2310000,-1575000,1347500,0,0,-780000,-2493,201,-2614
1781646641812,2.0478160466002464,,0,0,0,0,0,0,1,0,0,0,29.1529463,-88.78111229999999,0,NoFix,649520960,0,0,251446400,486436,862.9837778634451,91375.31410194148,46.48996134242043,2928,976,-939888,-1426250,218750,1347500,0,0,-1560000,-2492,213,-2635
1781646642297,2.5094757862383403,,0,0,0,0,0,0,1,0,0,0,29.150914,-88.7789353,0,NoFix,649520960,0,0,251446900,486936,862.826374208793,91377.05390131856,46.49876173725352,976,5856,-950624,-4095000,-218750,-4882500,780000,0,-780000,-2444,224,-2622
1781646642783,2.0478160466002464,,0,0,0,0,0,0,1,0,0,0,28.12537,-88.3805809,0,NoFix,649520960,0,0,251447400,487436,862.4434159049171,91381.28689224772,46.49876173725352,-7808,-5856,-955504,-2327500,-2476250,-3158750,0,0,-780000,-2457,235,-2630
1781646643269,1.5861701680430542,,0,0,0,0,0,0,1,0,0,0,28.122865899999997,-88.37805379999999,0,NoFix,649520960,0,0,251448000,487936,862.3647147516707,91382.15682715435,46.50316192768514,11712,1952,-948672,-2310000,227500,-2660000,0,0,-1560000,-2456,226,-2636
1781646643786,2.1946747419717667,,0,0,0,0,0,0,1,0,0,0,29.144409399999997,-88.7719692,0,NoFix,649520960,0,0,251448500,488436,862.9732484863581,91375.43048343231,46.51196229457855,2928,4880,-957456,-5031250,2021250,883750,0,0,-1560000,-2466,234,-2651
1781646644271,1.6543181117506265,,0,0,0,0,0,0,1,0,0,0,29.1423764,-88.7697925,0,NoFix,649521024,0,0,251449000,488936,862.5115762970471,91380.53347662858,46.51636247104034,3904,11712,-962336,-78750,-2021250,2213750,0,0,-780000,-2488,208,-2635
1781646644782,1.6543181117506265,,0,0,0,0,0,0,1,0,0,0,29.141156499999997,-88.7684865,0,NoFix,649521024,0,0,251449300,489436,862.2073147945981,91383.89669110582,46.51196229457855,-1952,7808,-963312,-2756250,673750,0,0,0,-780000,-2462,239,-2636
1781646645267,1.6543181117506265,,0,0,0,0,0,0,1,0,0,0,28.115351999999998,-88.3704734,0,NoFix,649521024,0,0,251449800,489936,862.7371574277971,91378.0400358159,46.52516280999407,-9760,-11712,-961360,-96250,-682500,-892500,0,0,-780000,-2482,286,-2637
1781646645783,1.8798862277673152,,0,0,0,0,0,0,1,0,0,0,28.112847,-88.36794689999999,0,NoFix,649521024,0,0,251450400,490436,862.7371574277971,91378.0400358159,46.52516280999407,-16592,12688,-949648,-2756250,-665000,437500,0,0,-780000,-2469,211,-2644
1781646646269,1.4969244197578746,,0,0,0,0,0,0,1,0,0,0,28.1107592,-88.3658415,0,NoFix,649521024,0,0,251450900,490936,863.0414519445571,91374.67663088528,46.52956297248602,-5856,18544,-978928,4821250,1575000,0,780000,0,-1560000,-2482,204,-2640
1781646646755,2.1841674460431477,,0,0,0,0,0,0,1,0,0,0,28.108671299999997,-88.36373619999999,0,NoFix,649521024,0,0,251451400,491436,862.7371574277971,91378.0400358159,46.52516280999407,-10736,5856,-947696,-3202500,-2012500,437500,0,0,-780000,-2495,210,-2651
1781646647266,2.8714695842211313,,0,0,0,0,0,0,1,0,0,0,29.130581399999997,-88.7571693,0,NoFix,649521024,0,0,251451900,491936,862.8840643885152,91376.41624249877,46.538363283500075,-31232,8784,-970144,3036250,-227500,1767500,0,0,-780000,-2487,216,-2651
1781646647782,2.7927774814428403,,0,0,0,0,0,0,1,0,0,0,29.9959092,-89.09622879999999,0,NoFix,649521024,0,0,251452500,492436,862.8840643885152,91376.41624249877,46.538363283500075,2928,5856,-951600,3937500,3797500,0,0,780000,-780000,-2459,230,-2648
1781646648267,2.2523890694684496,,0,0,0,0,0,0,1,0,0,0,29.993921,-89.0939913,0,NoFix,649521024,0,0,251453000,492936,861.5777462916748,91390.85606873265,46.54716357588768,4880,247904,-948672,813750,673750,0,0,0,-780000,-2513,229,-2661
1781646648753,1.9480881342724388,,0,0,0,0,0,0,1,0,0,0,28.9753986,-88.69286,0,NoFix,649521024,0,0,251453300,493436,862.4223803133923,91381.51941163198,46.542763432022184,13664,7808,-973072,3045000,682500,-1330000,0,0,-780000,-2468,189,-2701
1781646649238,1.4864182053488548,,0,0,0,0,0,0,1,0,0,0,28.098647099999997,-88.35363199999999,0,NoFix,649521024,0,0,251453800,493936,861.4203619972461,91392.5958935886,46.55596384964883,-2928,5856,-954528,813750,2030000,2651250,0,0,-1560000,-2476,212,-2657
1781646649779,1.7120158705465656,,0,0,0,0,0,0,1,0,0,0,28.0965582,-88.35152719999999,0,NoFix,649521024,0,0,251454300,494436,863.1096860200915,91373.92244496201,46.54716357588768,6832,-1952,-971120,813750,1128750,-1330000,0,0,-780000,-2479,207,-2658
1781646650266,1.8693965965819643,,0,0,0,0,0,0,1,0,0,0,28.0944692,-88.3494224,0,NoFix,649521024,0,0,251454800,494936,862.4906092028466,91380.76523732232,46.56036397954449,-5856,-5856,-956480,-1898750,-2021250,0,0,780000,-1560000,-2492,248,-2664
1781646650752,1.7120158705465656,,0,0,0,0,0,0,1,0,0,0,28.091962199999998,-88.34689689999999,0,NoFix,649521024,0,0,251455400,495436,862.186305700321,91384.12892296718,46.55596384964883,-4880,243024,-950624,-1417500,2030000,1321250,0,0,-780000,-2495,237,-2691
1781646651238,1.7120158705465656,,0,0,0,0,0,0,1,0,0,0,28.0898728,-88.3447923,0,NoFix,649521024,0,0,251455900,495936,862.4119205150348,91381.63503042124,46.564764104783535,-15616,238144,-966240,367500,-673750,-2266250,0,0,-1560000,-2448,181,-2690
1781646651724,1.7907058420041722,,0,0,0,0,0,0,1,0,0,0,27.113362499999997,-87.9744101,0,NoFix,649521024,0,0,251456400,496436,862.873616759692,91376.5317215507,46.56036397954449,247904,-7808,-974048,3071250,-2021250,-446250,0,-780000,-780000,-2470,218,-2689
1781646652264,3.165387082283587,,0,0,0,0,0,0,1,0,0,0,27.1112218,-87.9723716,0,NoFix,649521024,0,0,251456900,496936,862.4119205150348,91381.63503042124,46.564764104783535,-9760,-14640,-950624,-3683750,-673750,-3552500,0,0,-780000,-2471,231,-2626
1781646652750,2.478016901375213,,0,0,0,0,0,0,1,0,0,0,27.109509199999998,-87.9707409,0,NoFix,649521024,0,0,251457300,497436,862.028926540516,91385.8685874136,46.564764104783535,-2928,2928,-957456,-3193750,682500,2651250,0,0,-1560000,-2457,203,-2676
1781646653234,1.7120158705465656,,0,0,0,0,0,0,1,0,0,0,27.1073682,-87.9687026,0,NoFix,649521024,0,0,251457800,497936,862.873616759692,91376.5317215507,46.56036397954449,7808,10736,-949648,813750,2476250,437500,0,0,-780000,-2444,191,-2692
1781646653722,1.7907058420041722,,0,0,0,0,0,0,1,0,0,0,27.1052271,-87.96666429999999,0,NoFix,649521024,0,0,251458300,498436,862.7949285724297,91377.40147650307,46.564764104783535,1952,9760,-964288,-78750,-1575000,0,0,0,-1560000,-2465,226,-2664
1781646654237,0.8673809770208436,,0,0,0,0,0,0,1,0,0,0,28.077751199999998,-88.3325876,0,NoFix,649521024,0,0,251458800,498936,863.177950713885,91373.16792565901,46.564764104783535,7808,-4880,-948672,-3648750,227500,1321250,0,0,-1560000,-2449,224,-2706
1781646654748,1.4759506548515446,,0,0,0,0,0,0,1,0,0,0,28.0756607,-88.3304837,0,NoFix,649521024,0,0,251459300,499436,861.6459466476832,91390.10214748036,46.564764104783535,5856,5856,-955504,3500000,-2021250,2213750,0,780000,-780000,-2452,211,-2662
1781646655233,2.478016901375213,,0,0,0,0,0,0,1,0,0,0,28.073570099999998,-88.3283798,0,NoFix,649521024,0,0,251459800,499936,862.2545454887394,91383.37461075193,46.573564341291785,976,-3904,-968192,-2747500,2030000,-3552500,0,0,-780000,-2452,264,-2685
1781646655720,2.399328714112926,,0,0,0,0,0,0,1,0,0,0,28.071061099999998,-88.32585519999999,0,NoFix,649521024,0,0,251460400,500436,862.028926540516,91385.8685874136,46.564764104783535,-244976,0,-965264,-8583750,227500,883750,0,0,-780000,-2467,219,-2698
1781646656236,2.016320656717994,,0,0,0,0,0,0,1,0,0,0,28.068970099999998,-88.3237515,0,NoFix,649521024,0,0,251460900,500936,861.8715505131684,91387.60824403701,46.573564341291785,-5856,22448,-977952,-1408750,682500,-446250,0,0,-780000,-2442,192,-2715
1781646656721,2.016320656717994,,0,0,0,0,0,0,1,0,0,0,28.0677155,-88.3224893,0,NoFix,649521024,0,0,251461200,501436,862.1076157288634,91384.99875616818,46.56036397954449,7808,4880,-955504,1706250,665000,437500,0,780000,-780000,-2444,229,-2682
1781646657231,2.0950093445297853,,0,0,0,0,0,0,1,0,0,0,28.0656242,-88.3203857,0,NoFix,649521024,0,0,251461700,501937,862.4119205150348,91381.63503042124,46.564764104783535,-4880,9760,-958432,-2310000,227500,0,0,0,-780000,-2445,242,-2637
1781646657718,1.6333266821991401,,0,0,0,0,0,0,1,0,0,0,28.063114499999998,-88.31786149999999,0,NoFix,649521152,0,0,251462300,502437,862.4119205150348,91381.63503042124,46.564764104783535,-7808,-8784,-957456,-988750,2030000,-446250,0,0,-1560000,-2457,228,-2676
1781646658233,1.6333266821991401,,0,0,0,0,0,0,1,0,0,0,28.061022899999998,-88.3157581,0,NoFix,649521152,0,0,251462800,502937,862.6375545472029,91379.14098054114,46.573564341291785,3904,13664,-966240,1706250,-673750,-446250,0,0,-1560000,-2454,218,-2696
1781646658719,2.320641309948087,,0,0,0,0,0,0,1,0,0,0,28.0593495,-88.3140755,0,NoFix,649521088,0,0,251463300,503437,862.4119205150348,91381.63503042124,46.564764104783535,-11712,9760,-966240,1260000,-2021250,-446250,0,0,-780000,-2462,237,-2694
1781646659204,2.016320656717994,,0,0,0,0,0,0,1,0,0,0,28.0564207,-88.31113099999999,0,NoFix,649521152,0,0,251463900,503937,861.4098822797772,91392.71174392053,46.57796445256099,-8784,-1952,-972096,-1426250,682500,0,0,0,-780000,-2442,214,-2623
1781646659715,2.320641309948087,,0,0,0,0,0,0,1,0,0,0,28.054328599999998,-88.3090278,0,NoFix,649521088,0,0,251464400,504437,862.5588687092362,91380.01072962653,46.57796445256099,-14640,12688,-967216,-962500,-2021250,-1330000,0,0,-1560000,-2394,227,-2628
1781646660231,1.4759506548515446,,0,0,0,0,0,0,1,0,0,0,27.076950099999998,-87.9397666,0,NoFix,649521152,0,0,251464900,504937,862.6375545472029,91379.14098054114,46.573564341291785,-18544,14640,-967216,4383750,-673750,2240000,0,0,-780000,-2436,241,-2667
1781646660718,3.0080150592516475,,0,0,0,0,0,0,1,0,0,0,27.076092799999998,-87.93895169999999,0,NoFix,649521152,0,0,251465100,505437,862.7949285724297,91377.40147650307,46.564764104783535,27328,10736,-964288,2598750,-218750,-446250,0,0,-780000,-2444,213,-2635
1781646661203,2.478016901375213,,0,0,0,0,0,0,1,0,0,0,28.048888299999998,-88.3035601,0,NoFix,649521152,0,0,251465700,505937,862.7162411682649,91378.27122949995,46.56916422536597,976,-12688,-969168,1697500,-1111250,437500,0,0,-780000,-2443,229,-2686
1781646661689,2.2419546888860395,,0,0,0,0,0,0,1,0,0,0,28.0467956,-88.3014572,0,NoFix,649521152,0,0,251466200,506437,862.7949285724297,91377.40147650307,46.564764104783535,-16592,2928,-967216,-2747500,-3368750,883750,0,0,-780000,-2445,209,-2651
1781646662200,1.3972638158404607,,0,0,0,0,0,0,1,0,0,0,28.0447027,-88.29935449999999,0,NoFix,649521152,0,0,251466700,506937,862.7949285724297,91377.40147650307,46.564764104783535,-12688,8784,-965264,3491250,1128750,-472500,0,0,-1560000,-2420,250,-2605
1781646662715,2.399328714112926,,0,0,0,0,0,0,1,0,0,0,28.042191,-88.2968313,0,NoFix,649521152,0,0,251467400,507437,862.2545454887394,91383.37461075193,46.573564341291785,-13664,1952,-967216,1251250,-1120000,0,0,0,-1560000,-2414,250,-2645
1781646663201,2.320641309948087,,0,0,0,0,0,0,1,0,0,0,28.040097799999998,-88.2947287,0,NoFix,649521152,0,0,251467800,507937,862.6375545472029,91379.14098054114,46.573564341291785,-10736,6832,-964288,-1408750,2476250,2651250,780000,0,-1560000,-2458,227,-2668
1781646663688,2.163268850919394,,0,0,0,0,0,0,1,0,0,0,28.0380044,-88.2926262,0,NoFix,649521152,0,0,251468300,508437,862.6375545472029,91379.14098054114,46.573564341291785,-27328,8784,-950624,1706250,1128750,437500,0,780000,-780000,-2466,209,-2643
1781646664172,1.7802592919307472,,0,0,0,0,0,0,1,0,0,0,27.0597992,-87.9234716,0,NoFix,649521152,0,0,251468900,508937,862.2545454887394,91383.37461075193,46.573564341291785,-7808,16592,-949648,2598750,-4243750,-446250,0,0,-780000,-2425,231,-2647
1781646664712,2.399328714112926,,0,0,0,0,0,0,1,0,0,0,28.0342359,-88.288842,0,NoFix,649521152,0,0,251469200,509437,861.7246363365571,91389.23227808836,46.56036397954449,-248880,18544,-968192,-962500,-4270000,1321250,780000,0,-780000,-2468,213,-2660
1781646665200,2.2419546888860395,,0,0,0,0,0,0,1,0,0,0,28.032142,-88.2867397,0,NoFix,649521152,0,0,251469700,509937,861.8715505131684,91387.60824403701,46.573564341291785,6832,7808,-964288,813750,682500,-3132500,0,0,-780000,-2487,239,-2684
1781646665686,2.2419546888860395,,0,0,0,0,0,0,1,0,0,0,28.9062667,-88.61971779999999,0,NoFix,649521152,0,0,251470200,510437,863.0205776897492,91374.90735340453,46.573564341291785,15616,3904,-960384,831250,682500,1347500,0,0,-780000,-2438,201,-2689
1781646666171,2.320641309948087,,0,0,0,0,0,0,1,0,0,0,28.027535,-88.2821151,0,NoFix,649521152,0,0,251470800,510937,862.4801836543746,91380.8804767559,46.582364559173584,-242048,11712,-954528,1251250,-2476250,1767500,0,0,-780000,-2409,234,-2656
1781646666687,2.163268850919394,,0,0,0,0,0,0,1,0,0,0,28.0254406,-88.28001309999999,0,NoFix,649521216,0,0,251471300,511437,862.1758591502476,91384.24439798345,46.57796445256099,-18544,976,-964288,1260000,682500,-2660000,0,0,-780000,-2451,242,-2713
1781646667197,2.005899524292431,,0,0,0,0,0,0,1,0,0,0,28.899711699999997,-88.6127982,0,NoFix,649521152,0,0,251471800,511937,862.1758591502476,91384.24439798345,46.57796445256099,-14640,-4880,-985760,3937500,2922500,3543750,0,0,-1560000,-2441,243,-2700
1781646667683,3.0080150592516475,,0,0,0,0,0,0,1,0,0,0,28.021251399999997,-88.2758094,0,NoFix,649521152,0,0,251472300,512437,862.0971735948627,91385.11418325885,46.582364559173584,-5856,-976,-965264,1251250,-673750,17500,0,0,-1560000,-2443,237,-2611
1781646668170,2.467607939665754,,0,0,0,0,0,0,1,0,0,0,28.018737599999998,-88.27328729999999,0,NoFix,649521152,0,0,251472900,512937,863.2462460268869,91372.41307297262,46.582364559173584,6832,8784,-974048,367500,-673750,883750,0,0,-780000,-2427,251,-2676
1781646668685,2.0845837960578137,,0,0,0,0,0,0,1,0,0,0,28.0178996,-88.2724466,0,NoFix,649521152,0,0,251473100,513437,862.9418923523181,91375.77706434381,46.57796445256099,-1952,15616,-949648,1697500,-2021250,-1776250,0,0,-780000,-2465,209,-2629
1781646669171,2.2419546888860395,,0,0,0,0,0,0,1,0,0,0,28.8919255,-88.6045824,0,NoFix,649521152,0,0,251473700,513937,862.7845240267408,91377.5164803546,46.586764661129564,-1952,-6832,-975024,3491250,1575000,4453750,0,0,-780000,-2440,208,-2662
1781646669656,1.2398924871660029,,0,0,0,0,0,0,1,0,0,0,29.0396926,-88.66019999999999,0,NoFix,649521216,0,0,251474200,514437,862.7058410385846,91378.38618542589,46.59116475842893,-3904,29280,-971120,-4978750,-2021250,-3158750,0,0,-780000,-2435,250,-2698
1781646670167,1.1612079974897824,,0,0,0,0,0,0,1,0,0,0,28.0111946,-88.2657218,0,NoFix,649521216,0,0,251474700,514937,862.4014993826092,91381.75022192915,46.586764661129564,-21472,4880,-951600,2152500,227500,-1330000,0,0,-780000,-2451,238,-2754
1781646670684,1.5442049750879505,,0,0,0,0,0,0,1,0,0,0,28.0086798,-88.2632002,0,NoFix,649521216,0,0,251475300,515437,861.8611216273355,91387.72352734696,46.595564851071686,-1952,-4880,-953552,-516250,682500,883750,0,0,-780000,-2480,235,-2704
1781646671168,1.8485333300461662,,0,0,0,0,0,0,1,0,0,0,28.006584,-88.2610989,0,NoFix,649521216,0,0,251475800,515937,862.6271588335177,91379.25588854084,46.595564851071686,21472,-976,-967216,-5425000,1575000,1767500,0,0,-1560000,-2487,214,-2699
1781646671657,1.5442049750879505,,0,0,0,0,0,0,1,0,0,0,28.004907199999998,-88.259418,0,NoFix,649521216,0,0,251476200,516437,862.9315176425256,91375.8917367622,46.59996493905783,0,-6832,-966240,3482500,2030000,0,0,0,-780000,-2499,235,-2658
1781646672141,1.612489911884495,,0,0,0,0,0,0,1,0,0,0,28.0019726,-88.25647649999999,0,NoFix,649521216,0,0,251476900,516937,861.7824392043593,91388.59330479648,46.59996493905783,-1952,20496,-962336,-78750,1128750,437500,0,0,-780000,-2476,242,-2697
1781646672651,2.3785582905170486,,0,0,0,0,0,0,1,0,0,0,28.0002955,-88.2547957,0,NoFix,649521280,0,0,251477300,517437,862.0867701264954,91385.22918305795,46.604365022387356,-4880,-976,-991616,-3185000,1583750,0,0,0,-780000,-2475,244,-2631
1781646673167,1.612489911884495,,0,0,0,0,0,0,1,0,0,0,27.9990377,-88.2535352,0,NoFix,649521216,0,0,251477600,517937,862.3911169168451,91381.86498614633,46.60876510106027,-5856,9760,-964288,1715000,665000,437500,0,0,-1560000,-2480,220,-2655
1781646673653,2.457237645823625,,0,0,0,0,0,0,1,0,0,0,27.996941099999997,-88.2514343,0,NoFix,649521216,0,0,251478100,518438,862.7741581488339,91377.63105691869,46.60876510106027,-9760,-9760,-960384,1723750,2030000,-892500,0,0,-780000,-2464,226,-2696
1781646674140,2.2998797182955286,,0,0,0,0,0,0,1,0,0,0,27.994425,-88.24891339999999,0,NoFix,649521280,0,0,251478700,518938,862.3124378441295,91382.73468143452,46.613165175076574,-14640,14640,-979904,2598750,-2922500,-2222500,0,0,-780000,-2499,208,-2699
1781646674624,2.142524923082078,,0,0,0,0,0,0,1,0,0,0,27.992328099999998,-88.24681269999999,0,NoFix,649521280,0,0,251479200,519438,862.5381247813989,91380.240022477,46.62196530913934,233264,6832,-970144,-2765000,227500,-446250,0,0,-1560000,-2480,255,-2681
1781646675165,1.680805466173524,,0,0,0,0,0,0,1,0,0,0,27.990230999999998,-88.2447121,0,NoFix,649521280,0,0,251479700,519938,862.5381247813989,91380.240022477,46.62196530913934,-9760,3904,-972096,-4086250,-218750,-472500,0,0,-1560000,-2447,245,-2653
1781646675650,2.142524923082078,,0,0,0,0,0,0,1,0,0,0,27.9881337,-88.24261159999999,0,NoFix,649521280,0,0,251480300,520438,863.225577287154,91372.64151935717,46.626365369185805,0,-4880,-968192,367500,3797500,1767500,0,780000,-780000,-2435,213,-2688
1781646676137,1.6021295257986594,,0,0,0,0,0,0,1,0,0,0,29.0123198,-88.6310997,0,NoFix,649521280,0,0,251480900,520938,862.3807731184968,91381.97932306316,46.63076542457566,-3904,4880,-956480,2598750,-1566250,0,0,0,-780000,-2415,203,-2705
1781646676623,1.906498603348723,,0,0,0,0,0,0,1,0,0,0,29.0102758,-88.6289287,0,NoFix,649521280,0,0,251481400,521438,862.4594485584092,91381.10967374878,46.626365369185805,-5856,19520,-963312,2187500,682500,-3552500,0,0,-1560000,-2444,193,-2676
1781646677139,1.8278247295872916,,0,0,0,0,0,0,1,0,0,0,29.009458199999997,-88.6280603,0,NoFix,649521280,0,0,251481600,521938,862.6851567830977,91378.61481539806,46.635165475308895,2928,16592,-946720,3937500,-218750,-446250,0,780000,-780000,-2461,248,-2728
1781646677649,1.7491516389000026,,0,0,0,0,0,0,1,0,0,0,29.0070052,-88.62545519999999,0,NoFix,649521280,0,0,251482200,522438,862.3020984616655,91382.84897041995,46.635165475308895,15616,7808,-965264,1268750,-218750,1767500,0,0,-1560000,-2484,228,-2688
1781646678135,1.7491516389000026,,0,0,0,0,0,0,1,0,0,0,29.0049608,-88.6232844,0,NoFix,649521280,0,0,251482700,522938,862.9108842297173,91376.11979971387,46.64396556280553,-25376,-7808,-968192,822500,4278750,-26250,0,0,-1560000,-2458,219,-2686
1781646678621,1.366106403157005,,0,0,0,0,0,0,1,0,0,0,29.002916199999998,-88.6211137,0,NoFix,649521280,0,0,251483200,523438,862.4491390124057,91381.22363128903,46.64836559956893,13664,242048,-959408,5276250,-1566250,1321250,0,0,-1560000,-2461,218,-2625
1781646679136,2.436613064698804,,0,0,0,0,0,0,1,0,0,0,28.0787616,-88.2673622,0,NoFix,649521280,0,0,251483800,523938,862.5278108195699,91380.35402794988,46.64396556280553,-17568,241072,-957456,813750,1575000,2213750,0,0,-1560000,-2467,218,-2710
1781646679623,2.7410310411211185,,0,0,0,0,0,0,1,0,0,0,28.0766685,-88.2652552,0,NoFix,649521280,0,0,251484300,524438,862.3704679883095,91382.09323267013,46.65276563167572,0,14640,-966240,-1855000,1583750,-1802500,0,0,-780000,-2440,204,-2674
1781646680133,1.513137065284809,,0,0,0,0,0,0,1,0,0,0,28.995963399999997,-88.6137339,0,NoFix,649521280,0,0,251484900,524938,863.3623967934179,91371.12929634616,46.661565681919456,4880,17568,-967216,-971250,-2467500,2213750,0,0,-1560000,-2452,209,-2715
1781646680619,2.1219356684695185,,0,0,0,0,0,0,1,0,0,0,28.0720632,-88.26062,0,NoFix,649521280,0,0,251485400,525438,862.5175355267863,91380.46760610858,46.665965700056404,-6832,-5856,-966240,-1435000,682500,-1776250,780000,0,-780000,-2460,213,-2720
1781646681105,2.583693343907157,,0,0,0,0,0,0,1,0,0,0,28.0708071,-88.2593559,0,NoFix,649521280,0,0,251485700,525938,863.5881819128167,91368.63380866335,46.67036571353674,-1952,8784,-957456,-3675000,-2922500,-1802500,0,0,-780000,-2442,220,-2656
1781646681621,1.88593584340299,,0,0,0,0,0,0,1,0,0,0,28.069132099999997,-88.2576706,0,NoFix,649521280,0,0,251486100,526438,862.8219586372201,91377.10270748856,46.67036571353674,-17568,10736,-952576,-516250,1128750,0,0,0,-780000,-2411,236,-2661
1781646682107,1.8072708011569603,,0,0,0,0,0,0,1,0,0,0,30.0692977,-89.0253144,0,NoFix,649521280,0,0,251486800,526938,862.2815357017198,91383.07626644413,46.67916572652757,-9760,6832,-964288,-962500,1583750,2651250,0,0,-1560000,-2451,269,-2662
1781646682617,1.728606541965405,,0,0,0,0,0,0,1,0,0,0,30.0677064,-89.0235173,0,NoFix,649521280,0,0,251487200,527438,862.7432925292901,91377.97222279054,46.67476572236046,-6832,15616,-963312,-1408750,2476250,-892500,0,0,-780000,-2415,216,-2660
1781646683104,1.728606541965405,,0,0,0,0,0,0,1,0,0,0,30.065717099999997,-89.02127109999999,0,NoFix,649521280,0,0,251487700,527938,863.1948642079367,91372.98098415494,46.692365711089224,-22448,20496,-947696,822500,-1120000,-2222500,0,0,-780000,-2417,212,-2670
1781646683618,1.8757124674128818,,0,0,0,0,0,0,1,0,0,0,30.063329799999998,-89.0185758,0,NoFix,649521280,0,0,251488300,528438,863.3420197610002,91371.35451599878,46.70556565374136,-23424,28304,-962336,-70000,-2012500,2651250,0,0,-1560000,-2432,200,-2627
1781646684104,2.33748147165727,,0,0,0,0,0,0,1,0,0,0,30.0613402,-89.0163298,0,NoFix,649521344,0,0,251488800,528938,862.6544204207275,91378.95455551421,46.70116567751393,9760,4880,-953552,1268750,227500,1321250,0,0,-780000,-2431,215,-2712
1781646684590,2.258820562410733,,0,0,0,0,0,0,1,0,0,0,30.0589524,-89.0136347,0,NoFix,649521344,0,0,251489400,529438,863.0375426072234,91374.719840639,46.70116567751393,-15616,16592,-947696,-1846250,-210000,-446250,0,0,-1560000,-2413,220,-2631
1781646685101,2.1801604362027547,,0,0,0,0,0,0,1,0,0,0,29.1434449,-88.65709919999999,0,NoFix,649521344,0,0,251489700,529938,862.7330813299741,91378.08509010938,46.69676569662988,-6832,-3904,-961360,831250,236250,2213750,0,0,-780000,-2471,233,-2732
1781646685617,2.101501093032084,,0,0,0,0,0,0,1,0,0,0,29.141814399999998,-88.6553543,0,NoFix,649521344,0,0,251490100,530438,862.8802241386352,91376.45868928546,46.70996562531218,-15616,20496,-965264,-481250,-665000,910000,0,0,-780000,-2446,227,-2641
1781646686103,1.944184755801075,,0,0,0,0,0,0,1,0,0,0,30.0537779,-89.0077958,0,NoFix,649521344,0,0,251490700,530938,862.418442391216,91381.56293997099,46.714365592226386,-30256,15616,-959408,-1408750,-1120000,883750,0,0,-1560000,-2441,195,-2648
1781646686589,2.789104000958787,,0,0,0,0,0,0,1,0,0,0,30.052185599999998,-89.0059994,0,NoFix,649521344,0,0,251491200,531438,862.3397846141179,91382.43239753683,46.71876555448398,-11712,1952,-968192,-61250,1128750,883750,0,0,-780000,-2454,231,-2666
1781646687074,2.4744815937683597,,0,0,0,0,0,0,1,0,0,0,28.968132899999997,-88.5842249,0,NoFix,649521344,0,0,251491700,531938,862.486941670184,91380.80577660407,46.731965413317084,-9760,-5856,-964288,2161250,2931250,1767500,0,0,-1560000,-2453,238,-2645
1781646687614,2.1699967395023805,,0,0,0,0,0,0,1,0,0,0,30.0474078,-89.00061029999999,0,NoFix,649521344,0,0,251492300,532438,862.8700814520852,91376.57079780972,46.731965413317084,2928,-976,-957456,6168750,-3368750,-1330000,0,780000,-1560000,-2457,218,-2642
1781646688100,2.09134181186721,,0,0,0,0,0,0,1,0,0,0,30.045814999999997,-88.99881409999999,0,NoFix,649521408,0,0,251492800,532938,862.486941670184,91380.80577660407,46.731965413317084,15616,-976,-964288,-507500,1128750,883750,0,0,-1560000,-2455,212,-2608
1781646688586,2.395827949526847,,0,0,0,0,0,0,1,0,0,0,30.0438238,-88.9965689,0,NoFix,649521408,0,0,251493300,533438,862.4082875255798,91381.67518818697,46.73636535694823,-248880,14640,-959408,-4558750,2030000,2213750,0,0,-780000,-2441,216,-2678
1781646689072,2.77898232574114,,0,0,0,0,0,0,1,0,0,0,29.1271348,-88.6396525,0,NoFix,649521408,0,0,251493700,533938,862.1723297899102,91384.28341117137,46.74956515990198,-12688,11712,-957456,385000,682500,1767500,0,0,-780000,-2471,214,-2657
1781646689588,2.159871714911219,,0,0,0,0,0,0,1,0,0,0,29.125095299999998,-88.6374721,0,NoFix,649521408,0,0,251494200,534438,862.4768210610508,91380.91764541062,46.75396508490667,-9760,18544,-959408,-6300000,236250,-892500,0,0,-1560000,-2436,201,-2696
1781646690075,2.0025714735820657,,0,0,0,0,0,0,1,0,0,0,29.123055599999997,-88.6352917,0,NoFix,649521344,0,0,251494700,534939,862.4768210610508,91380.91764541062,46.75396508490667,-19520,-2928,-975024,-61250,236250,0,0,0,-780000,-2433,186,-2695
1781646690584,2.9947902870334246,,0,0,0,0,0,0,1,0,0,0,29.1210158,-88.63311139999999,0,NoFix,649521344,0,0,251495200,535439,862.6240321012676,91379.29044959138,46.76716483198106,-5856,23424,-963312,-953750,-227500,3097500,0,0,-780000,-2443,208,-2655
1781646691071,1.7666269842038673,,0,0,0,0,0,0,1,0,0,0,29.1189757,-88.6309313,0,NoFix,649521408,0,0,251495700,535939,862.4667391246932,91381.02908685537,46.77596464008093,-11712,3904,-971120,-507500,1128750,-446250,0,0,-780000,-2474,205,-2648
1781646691556,2.4543122408703084,,0,0,0,0,0,0,1,0,0,0,30.266411599999998,-89.074747,0,NoFix,649521408,0,0,251496300,536439,861.9262894002675,91387.00314968097,46.78476442955434,-5856,7808,-963312,-2292500,-3368750,1321250,0,0,-780000,-2455,214,-2613
1781646692072,1.9924939525982381,,0,0,0,0,0,0,1,0,0,0,30.264431599999998,-89.0724856,0,NoFix,649521408,0,0,251496800,536939,861.9262894002675,91387.00314968097,46.78476442955434,-7808,2928,-965264,-1837500,682500,1321250,0,0,-1560000,-2454,208,-2614
1781646692558,1.5306895419506645,,0,0,0,0,0,0,1,0,0,0,30.2624513,-89.0702244,0,NoFix,649521408,0,0,251497300,537439,861.4644988660873,91392.10797420992,46.78916431730613,-5856,7808,-959408,-507500,2038750,-892500,0,0,-1560000,-2443,218,-2602
1781646693069,2.1397376850121645,,0,0,0,0,0,0,1,0,0,0,30.261263099999997,-89.0688677,0,NoFix,649521408,0,0,251497600,537939,862.535337543329,91380.27083122754,46.793564200401306,-9760,27328,-968192,2161250,-5617500,1767500,0,0,-780000,-2446,193,-2655
1781646693556,2.1397376850121645,,0,0,0,0,0,0,1,0,0,0,30.2592826,-89.0666066,0,NoFix,649521408,0,0,251498100,538439,862.3780549633867,91382.00936866761,46.80236395262182,5856,16592,-952576,-2283750,-665000,1321250,0,0,-780000,-2462,220,-2707
1781646694070,1.599279128777539,,0,0,0,0,0,0,1,0,0,0,29.2941766,-88.68981389999999,0,NoFix,649521472,0,0,251498700,538939,862.761245036147,91377.77378884963,46.80236395262182,-26352,-24400,-959408,-953750,1137500,-918750,0,0,-780000,-2440,239,-2644
1781646694557,1.4419986802626,,0,0,0,0,0,0,1,0,0,0,29.1046908,-88.6156725,0,NoFix,649521472,0,0,251499200,539439,863.7536243995713,91366.8052923186,46.81116368621588,-3904,11712,-974048,-61250,2038750,437500,0,0,-780000,-2451,219,-2709
1781646695042,1.4419986802626,,0,0,0,0,0,0,1,0,0,0,29.102649399999997,-88.6134931,0,NoFix,649521472,0,0,251499700,539939,862.9871717597489,91375.27658913904,46.81116368621588,7808,0,-969168,1723750,1583750,1321250,780000,0,-1560000,-2456,195,-2708
1781646695553,1.97245493173034,,0,0,0,0,0,0,1,0,0,0,29.1001995,-88.6108778,0,NoFix,649521472,0,0,251500300,540439,861.6016837383102,91390.59145150919,46.82436325168237,13664,4880,-973072,-1837500,-665000,437500,0,0,-780000,-2454,231,-2680
1781646696069,1.8938192314699336,,0,0,0,0,0,0,1,0,0,0,30.2485847,-89.0543982,0,NoFix,649521472,0,0,251500800,540939,863.0558475328792,91374.51751714924,46.82876309752464,-10736,1952,-973072,-4060000,-210000,437500,0,0,-1560000,-2465,228,-2637
1781646696554,1.6678993411092051,,0,0,0,0,0,0,1,0,0,0,30.246603,-89.0521377,0,NoFix,649521472,0,0,251501300,541439,862.5939918448599,91379.6224973726,46.8331629387103,-5856,10736,-960384,1723750,-210000,0,0,0,-1560000,-2472,241,-2601
1781646697040,3.0434830456682676,,0,0,0,0,0,0,1,0,0,0,29.282391999999998,-88.6770978,0,NoFix,649521472,0,0,251501600,541939,862.4367253597431,91381.36084692352,46.84196260711178,-9760,245952,-974048,-498750,2485000,1767500,0,0,-780000,-2456,257,-2668
1781646697526,1.5792842602550081,,0,0,0,0,0,0,1,0,0,0,29.280359599999997,-88.6749056,0,NoFix,649521472,0,0,251502100,542439,862.5153582108156,91380.49167312981,46.83756277523935,-15616,13664,-965264,-498750,3832500,-26250,0,0,-780000,-2457,225,-2670
1781646698066,1.0388253967729497,,0,0,0,0,0,0,1,0,0,0,29.278326999999997,-88.6727136,0,NoFix,649521472,0,0,251502600,542939,862.3580932916485,91382.23001875354,46.8463624343276,245952,18544,-966240,1758750,-3368750,1793750,0,0,-780000,-2442,232,-2656
1781646698553,1.8052316460717748,,0,0,0,0,0,0,1,0,0,0,29.2758877,-88.6700832,0,NoFix,649521472,0,0,251503200,543439,862.5840557768837,91379.73232518954,46.855162074789405,5856,-2928,-959408,-43750,-2012500,0,0,0,-780000,-2417,201,-2666
1781646699039,1.7266019269030721,,0,0,0,0,0,0,1,0,0,0,30.2370886,-89.0412886,0,NoFix,649521472,0,0,251503700,543939,862.8100374950698,91377.23447429287,46.863961696624756,-26352,7808,-955504,3071250,-2012500,437500,0,0,-1560000,-2479,222,-2652
1781646699524,3.102332535953906,,0,0,0,0,0,0,1,0,0,0,30.235105899999997,-89.0390287,0,NoFix,649521472,0,0,251504200,544439,862.8100374950698,91377.23447429287,46.863961696624756,-15616,2928,-952576,2651250,691250,-1776250,0,0,-780000,-2454,227,-2711
1781646700041,2.3358104839628595,,0,0,0,0,0,0,1,0,0,0,30.2327265,-89.0363168,0,NoFix,649521472,0,0,251504800,544939,861.886317325535,91387.44500848772,46.872761299833655,976,21472,-972096,-481250,236250,411250,0,0,-1560000,-2457,199,-2719
1781646700551,1.4907174672181327,,0,0,0,0,0,0,1,0,0,0,31.4453362,-89.5157337,0,NoFix,649521472,0,0,251505300,545439,862.3481704689456,91382.33970269756,46.86836150055751,244000,-5856,-953552,2205000,-1557500,2283750,0,0,-1560000,-2441,190,-2710
1781646701037,2.257184114130723,,0,0,0,0,0,0,1,0,0,0,31.4445685,-89.5147945,0,NoFix,649521472,0,0,251505500,545939,862.4955335816483,91380.71080544288,46.8815608844161,1952,-2928,-969168,-1391250,-1566250,1321250,0,0,-780000,-2454,238,-2699
1781646701522,2.4831891986967776,,0,0,0,0,0,0,1,0,0,0,30.2275702,-89.0304417,0,NoFix,649521472,0,0,251506100,546439,862.2695435988963,91383.20882460481,46.872761299833655,-3904,2928,-947696,-1391250,-665000,-892500,780000,0,-780000,-2451,238,-2715
1781646702008,1.333465075618392,,0,0,0,0,0,0,1,0,0,0,30.225586699999997,-89.0281821,0,NoFix,649521472,0,0,251506600,546939,862.4955335816483,91380.71080544288,46.8815608844161,-4880,-4880,-962336,-2730000,-665000,2651250,0,780000,-780000,-2446,236,-2646
1781646702525,2.4045656779377396,,0,0,0,0,0,0,1,0,0,0,30.4879268,-89.12956849999999,0,NoFix,649521472,0,0,251507100,547439,861.5718156742039,91390.92162901761,46.8903604503721,976,2928,-976976,1723750,-210000,6203750,0,0,-1560000,-2475,212,-2646
1781646703035,2.0213097023683986,,0,0,0,0,0,0,1,0,0,0,29.257585,-88.65035979999999,0,NoFix,649521472,0,0,251507700,547939,861.955043948325,91386.68529258607,46.8903604503721,-5856,-6832,-970144,-2721250,1137500,857500,0,0,-780000,-2509,225,-2689
1781646703521,0.7930016407992753,,0,0,0,0,0,0,1,0,0,0,29.2555506,-88.6481687,0,NoFix,649521600,0,0,251508200,548439,861.1886014991161,91395.15796852442,46.8903604503721,-4880,23424,-968192,3955000,2485000,1767500,0,0,-780000,-2477,220,-2682
1781646704007,2.0213097023683986,,0,0,0,0,0,0,1,0,0,0,29.2535159,-88.6459778,0,NoFix,649521536,0,0,251508700,548939,863.488098059011,91369.73997760956,46.8903604503721,14640,6832,-959408,393750,4742500,1767500,0,0,-780000,-2437,218,-2650
1781646704522,1.8640640093053662,,0,0,0,0,0,0,1,0,0,0,29.2514811,-88.6437869,0,NoFix,649521536,0,0,251509200,549439,862.1810421955215,91384.18710515593,46.899159997701645,-4880,3904,-964288,-2283750,2485000,-446250,0,0,-1560000,-2442,230,-2674
1781646705009,1.5594440900082418,,0,0,0,0,0,0,1,0,0,0,29.2498531,-88.6420342,0,NoFix,649521472,0,0,251509600,549939,863.1048133768187,91373.9763017416,46.8903604503721,-8784,5856,-968192,-936250,-638750,2213750,0,0,-1560000,-2438,196,-2682
1781646705519,1.402198962495163,,0,0,0,0,0,0,1,0,0,0,28.220547399999997,-88.2511535,0,NoFix,649521536,0,0,251510000,550439,862.9475712504387,91375.71429512111,46.899159997701645,-13664,16592,-974048,-52500,-2012500,437500,0,0,-780000,-2464,222,-2679
1781646706005,2.7092135185018833,,0,0,0,0,0,0,1,0,0,0,28.218041099999997,-88.2486098,0,NoFix,649521536,0,0,251510600,550940,863.7927763919694,91366.37257795094,46.89476022636518,-5856,-14640,-959408,-490000,-4707500,2257500,0,0,-1560000,-2462,206,-2658
1781646706521,2.7780190804894573,,0,0,0,0,0,0,1,0,0,0,28.2155345,-88.2460662,0,NoFix,649521536,0,0,251511200,551440,863.3308569330388,91371.47789471586,46.899159997701645,-976,-9760,-961360,-5416250,1137500,437500,0,0,-1560000,-2443,194,-2678
1781646707007,1.6282013418585848,,0,0,0,0,0,0,1,0,0,0,29.2413045,-88.6328338,0,NoFix,649521536,0,0,251511700,551940,862.1024213063691,91385.05617517105,46.9035597643815,-19520,20496,-955504,-52500,-1111250,-1330000,0,0,-780000,-2470,237,-2681
1781646707493,2.7780190804894573,,0,0,0,0,0,0,1,0,0,0,28.2113564,-88.2418272,0,NoFix,649521536,0,0,251512200,552440,862.0238012001754,91385.92524322055,46.90795952640474,248880,-6832,-963312,2187500,-665000,0,0,0,-1560000,-2498,222,-2698
1781646708004,1.6282013418585848,,0,0,0,0,0,0,1,0,0,0,28.209267099999998,-88.23970779999999,0,NoFix,649521536,0,0,251512700,552940,862.4070596766713,91381.68876039275,46.90795952640474,-17568,2928,-962336,-1382500,691250,4427500,0,0,-1560000,-2492,197,-2648
1781646708519,1.9328409952750008,,0,0,0,0,0,0,1,0,0,0,28.207177599999998,-88.2375885,0,NoFix,649521600,0,0,251513200,553440,861.5619370017286,91391.03083334363,46.912359283771366,236192,-1952,-958432,-2266250,-2012500,0,0,780000,-780000,-2451,236,-2692
1781646709005,1.85422295513888,,0,0,0,0,0,0,1,0,0,0,28.2059239,-88.236317,0,NoFix,649521600,0,0,251513500,553940,863.5569197268309,91368.97933035853,46.90795952640474,-11712,244976,-931104,-2721250,-665000,883750,0,0,-780000,-2452,242,-2679
1781646709491,1.7854423372046995,,0,0,0,0,0,0,1,0,0,0,29.4437584,-88.703831,0,NoFix,649521600,0,0,251514000,554440,862.6330963929435,91379.19025829685,46.91675903648138,-9760,14640,-951600,-6308750,1137500,0,0,0,-780000,-2468,202,-2691
1781646709976,1.2449569668184495,,0,0,0,0,0,0,1,0,0,0,29.4413277,-88.70118529999999,0,NoFix,649521600,0,0,251514600,554940,862.7117139329107,91378.32127045121,46.912359283771366,-976,14640,-976976,-4506250,245000,-2660000,0,0,-780000,-2451,222,-2706
1781646710516,2.394732397499638,,0,0,0,0,0,0,1,0,0,0,29.4393019,-88.69898069999999,0,NoFix,649521600,0,0,251515100,555440,862.1024213063691,91385.05617517105,46.9035597643815,-25376,6832,-946720,2178750,236250,1767500,0,0,-780000,-2486,191,-2698
1781646711003,1.6282013418585848,,0,0,0,0,0,0,1,0,0,0,28.3477434,-88.2835219,0,NoFix,649521600,0,0,251515700,555940,862.564299671662,91379.9506986011,46.899159997701645,-11712,17568,-950624,-1408750,1137500,-1356250,0,0,-1560000,-2496,185,-2673
1781646711489,3.161319868514056,,0,0,0,0,0,0,1,0,0,0,28.3456607,-88.28139279999999,0,NoFix,649521600,0,0,251516200,556440,863.2522375444543,91372.3468503215,46.9035597643815,3904,4880,-963312,-43750,-210000,0,0,0,-780000,-2434,233,-2691
1781646711975,2.011459818354524,,0,0,0,0,0,0,1,0,0,0,28.343994499999997,-88.2796896,0,NoFix,649521600,0,0,251516700,556940,861.797798820812,91388.42351478584,46.899159997701645,-21472,-3904,-974048,402500,1137500,0,780000,0,-780000,-2474,237,-2702
1781646712460,2.394732397499638,,0,0,0,0,0,0,1,0,0,0,27.0924946,-87.814886,0,NoFix,649521600,0,0,251517200,557440,861.797798820812,91388.42351478584,46.899159997701645,-4880,3904,-968192,848750,-1111250,1767500,0,0,-1560000,-2485,206,-2748
1781646713002,2.935257074722017,,0,0,0,0,0,0,1,0,0,0,27.0912062,-87.8136591,0,NoFix,649521600,0,0,251517500,557940,861.7191774314931,91389.29262293752,46.9035597643815,-10736,7808,-971120,1732500,-665000,4427500,0,0,-1560000,-2493,200,-2694
1781646713486,2.1686998133451425,,0,0,0,0,0,0,1,0,0,0,27.0890588,-87.8116143,0,NoFix,649521600,0,0,251518000,558440,861.1787062268008,91395.26736045822,46.912359283771366,-248880,-11712,-972096,-3202500,1137500,1321250,0,0,-1560000,-2456,219,-2669
1781646713972,2.394732397499638,,0,0,0,0,0,0,1,0,0,0,27.0869112,-87.80956959999999,0,NoFix,649521664,0,0,251518600,558940,862.7903322558165,91377.45228063993,46.90795952640474,-239120,-23424,-957456,-61250,-665000,883750,0,0,-780000,-2466,245,-2654
1781646714459,1.2449569668184495,,0,0,0,0,0,0,1,0,0,0,27.084333899999997,-87.8071161,0,NoFix,649521664,0,0,251519100,559440,862.9475712504387,91375.71429512111,46.899159997701645,-8784,-11712,-948672,1732500,691250,3587500,780000,0,-780000,-2489,216,-2678
1781646714975,2.011459818354524,,0,0,0,0,0,0,1,0,0,0,27.082186,-87.8050715,0,NoFix,649521664,0,0,251519600,559940,861.6405568251353,91390.16172912347,46.90795952640474,-19520,9760,-965264,-1400000,691250,-918750,0,0,-780000,-2475,208,-2680
1781646715485,1.6282013418585848,,0,0,0,0,0,0,1,0,0,0,27.0796083,-87.8026182,0,NoFix,649521664,0,0,251520200,560440,862.7117139329107,91378.32127045121,46.912359283771366,-3904,10736,-983808,-1828750,691250,-3990000,0,0,-780000,-2457,210,-2643
1781646715972,1.9328409952750008,,0,0,0,0,0,0,1,0,0,0,28.3269095,-88.2622348,0,NoFix,649521664,0,0,251520700,560940,861.6405568251353,91390.16172912347,46.90795952640474,-13664,-244976,-953552,-2721250,-210000,1321250,0,0,-780000,-2474,228,-2654
1781646716458,0.9304823709462653,,0,0,0,0,0,0,1,0,0,0,27.156205099999998,-87.82807869999999,0,NoFix,649521664,0,0,251521200,561440,862.6330963929435,91379.19025829685,46.91675903648138,-12688,6832,-965264,-1828750,1137500,-446250,0,0,-1560000,-2480,218,-2678
1781646716973,1.4709634783167758,,0,0,0,0,0,0,1,0,0,0,28.323991399999997,-88.25925529999999,0,NoFix,649521664,0,0,251521400,561940,861.0214679285895,91397.00563927268,46.92115878453478,-19520,-3904,-976000,-3605000,-4261250,-1330000,0,0,-780000,-2492,176,-2734
1781646717458,2.620784217978894,,0,0,0,0,0,0,1,0,0,0,28.321489999999997,-88.2567016,0,NoFix,649521664,0,0,251522000,562440,861.8665633366336,91387.66337342227,46.91675903648138,-8784,12688,-960384,3998750,-1557500,463750,0,0,-780000,-2455,221,-2706
1781646717969,1.775605697947526,,0,0,0,0,0,0,1,0,0,0,28.3194052,-88.2545736,0,NoFix,649521664,0,0,251522500,562940,863.0163840762957,91374.95370534653,46.91675903648138,-18544,241072,-977952,-936250,-665000,-472500,0,0,-780000,-2507,211,-2657
1781646718456,2.2374965346266436,,0,0,0,0,0,0,1,0,0,0,28.3169033,-88.2520201,0,NoFix,649521664,0,0,251523100,563440,862.4758636618213,91380.92822809058,46.92555852793157,-7808,-6832,-969168,840000,3386250,1767500,0,0,-1560000,-2485,245,-2650
1781646718970,1.087718102968438,,0,0,0,0,0,0,1,0,0,0,27.145910299999997,-87.8182416,0,NoFix,649521664,0,0,251523600,563940,861.5619370017286,91391.03083334363,46.912359283771366,-13664,21472,-959408,840000,-1557500,2257500,0,780000,-780000,-2460,271,-2717
1781646719457,2.3161140745938837,,0,0,0,0,0,0,1,0,0,0,27.1437651,-87.81619239999999,0,NoFix,649521664,0,0,251524100,564440,862.9377678194359,91375.8226530904,46.92115878453478,-14640,6832,-960384,-2712500,245000,-2738750,0,780000,-1560000,-2458,221,-2734
1781646719942,0.6258680702726451,,0,0,0,0,0,0,1,0,0,0,27.234085699999998,-87.8476669,0,NoFix,649521664,0,0,251524700,564940,861.4833179612853,91391.89993559773,46.91675903648138,4880,6832,-964288,1732500,-210000,1793750,0,780000,-780000,-2476,219,-2687
1781646720453,2.394732397499638,,0,0,0,0,0,0,1,0,0,0,27.231944799999997,-87.8456118,0,NoFix,649521664,0,0,251525200,565440,861.6405568251353,91390.16172912347,46.90795952640474,6832,11712,-977952,-2721250,-210000,-892500,0,0,-780000,-2456,229,-2680
1781646720939,1.2449569668184495,,0,0,0,0,0,0,1,0,0,0,27.2306603,-87.8443787,0,NoFix,649521664,0,0,251525500,565940,862.2498228134557,91383.42681432203,46.91675903648138,-10736,25376,-961360,-6728750,-3806250,-1330000,0,0,-1560000,-2478,209,-2727
1781646721454,1.166337143411738,,0,0,0,0,0,0,1,0,0,0,27.2289474,-87.8427347,0,NoFix,649521728,0,0,251526000,566440,861.9451818769281,91386.79430930434,46.912359283771366,-30256,1952,-972096,1277500,-210000,883750,0,0,-780000,-2463,239,-2679
1781646721940,1.2449569668184495,,0,0,0,0,0,0,1,0,0,0,24.5266949,-86.8776529,0,NoFix,649521728,0,0,251526600,566940,861.4046997037979,91392.76903588569,46.92115878453478,-17568,4880,-974048,-6326250,3386250,883750,-780000,0,-1560000,-2475,214,-2743
1781646722427,1.3137287465759755,,0,0,0,0,0,0,1,0,0,0,24.524872799999997,-86.8761481,0,NoFix,649521728,0,0,251527000,567441,862.6330963929435,91379.19025829685,46.91675903648138,11712,6832,-968192,1286250,4742500,-1802500,0,0,-1560000,-2453,183,-2686
1781646722937,1.009099845481046,,0,0,0,0,0,0,1,0,0,0,24.5221393,-86.87389089999999,0,NoFix,649521728,0,0,251527600,567941,861.7093286048928,91389.40149575984,46.92555852793157,-15616,3904,-958432,-2712500,700000,2213750,0,0,-780000,-2492,220,-2689
1781646723453,2.925470249703835,,0,0,0,0,0,0,1,0,0,0,23.2653934,-86.4400343,0,NoFix,649521728,0,0,251528100,568441,863.0163840762957,91374.95370534653,46.91675903648138,-14640,5856,-975024,-945000,-665000,-892500,0,0,-780000,-2460,239,-2664
1781646723939,2.463552487191805,,0,0,0,0,0,0,1,0,0,0,23.2625848,-86.43787019999999,0,NoFix,649521728,0,0,251528700,568941,861.7879455792898,91388.53243557415,46.92115878453478,-9760,3904,-980880,-2266250,691250,2257500,0,0,-780000,-2473,229,-2697
1781646724425,2.080263803504522,,0,0,0,0,0,0,1,0,0,0,23.2607124,-86.4364275,0,NoFix,649521728,0,0,251529100,569441,861.3260822292631,91393.63813420734,46.92555852793157,12688,17568,-970144,428750,-2012500,-1330000,0,0,-780000,-2485,225,-2734
1781646724911,1.3137287465759755,,0,0,0,0,0,0,1,0,0,0,23.259307999999997,-86.4353455,0,NoFix,649521728,0,0,251529400,569941,862.6330963929435,91379.19025829685,46.91675903648138,-13664,-3904,-966240,-3596250,-1111250,437500,0,0,-1560000,-2461,209,-2702
1781646725427,2.8468552759479735,,0,0,0,0,0,0,1,0,0,0,23.2569672,-86.4335423,0,NoFix,649521728,0,0,251529900,570441,862.092589082016,91385.16486038762,46.92555852793157,246928,16592,-969168,-61250,-2458750,-936250,0,0,-780000,-2477,237,-2692
1781646725937,2.080263803504522,,0,0,0,0,0,0,1,0,0,0,24.5093805,-86.863359,0,NoFix,649521728,0,0,251530400,570941,863.2424551342648,91372.45497272119,46.92555852793157,4880,5856,-975024,1750000,-210000,1793750,0,0,-780000,-2453,227,-2712
1781646726423,1.6969892236992337,,0,0,0,0,0,0,1,0,0,0,24.5066459,-86.8611024,0,NoFix,649521728,0,0,251531000,571441,862.6330963929435,91379.19025829685,46.91675903648138,0,-5856,-963312,3972500,1146250,883750,0,0,-1560000,-2446,213,-2654
1781646726910,2.8468552759479735,,0,0,0,0,0,0,1,0,0,0,21.8032334,-85.94095349999999,0,NoFix,649521728,0,0,251531500,571941,862.1712055562643,91384.29583833786,46.92115878453478,-6832,-8784,-957456,411250,2030000,0,0,0,-780000,-2461,180,-2711
1781646727425,2.158879777598713,,0,0,0,0,0,0,1,0,0,0,21.8003389,-85.93889399999999,0,NoFix,649521728,0,0,251532100,572441,862.3972484706643,91381.79721003836,46.92995826667175,-4880,18544,-958432,-4068750,-2458750,-892500,0,0,-1560000,-2456,211,-2679
1781646727911,2.463552487191805,,0,0,0,0,0,0,1,0,0,0,20.2446731,-85.4259203,0,NoFix,649521728,0,0,251532600,572941,862.4758636618213,91380.92822809058,46.92555852793157,-20496,-18544,-964288,-3167500,-2913750,1321250,0,0,-1560000,-2444,205,-2681
1781646728422,2.0016486123474806,,0,0,0,0,0,0,1,0,0,0,21.7959966,-85.9358048,0,NoFix,649521728,0,0,251533000,573441,862.2498228134557,91383.42681432203,46.91675903648138,-8784,23424,-950624,-4987500,-665000,-446250,0,0,-1560000,-2470,227,-2676
1781646728907,2.158879777598713,,0,0,0,0,0,0,1,0,0,0,21.795031599999998,-85.9351184,0,NoFix,649521728,0,0,251533400,573941,863.4783024043006,91369.84824389745,46.912359283771366,-7808,2928,-961360,840000,2485000,1321250,0,0,-780000,-2426,229,-2675
1781646729423,2.620784217978894,,0,0,0,0,0,0,1,0,0,0,21.791653999999998,-85.93271589999999,0,NoFix,649521728,0,0,251533900,574441,862.092589082016,91385.16486038762,46.92555852793157,-13664,7808,-955504,1741250,-656250,0,0,0,-780000,-2452,210,-2702
1781646729908,1.775605697947526,,0,0,0,0,0,0,1,0,0,0,21.7892413,-85.9309998,0,NoFix,649521728,0,0,251534400,574941,862.6330963929435,91379.19025829685,46.91675903648138,246928,7808,-970144,-70000,2485000,3097500,0,0,-780000,-2464,217,-2683
1781646730395,0.016687114660726365,,0,0,0,0,0,0,1,0,0,0,23.2330835,-86.4151526,0,NoFix,649521728,0,0,251535000,575441,863.1736189388063,91373.21580396191,46.90795952640474,-3904,-976,-952576,1286250,-2913750,1767500,0,0,-780000,-2468,224,-2644
1781646730905,1.3137287465759755,,0,0,0,0,0,0,1,0,0,0,21.783932699999998,-85.92722479999999,0,NoFix,649521728,0,0,251535500,575941,862.9377678194359,91375.8226530904,46.92115878453478,7808,-6832,-973072,840000,1137500,-892500,0,0,-780000,-2456,255,-2684
1781646731401,2.2374965346266436,,0,0,0,0,0,0,1,0,0,0,21.7810369,-85.9251658,0,NoFix,649521728,0,0,251536100,576441,863.399685864699,91370.71715547096,46.91675903648138,231312,1952,-971120,-35000,245000,-472500,0,0,-780000,-2444,229,-2703
1781646731906,1.5495820186113178,,0,0,0,0,0,0,1,0,0,0,21.4549623,-85.8161806,0,NoFix,649521728,0,0,251536600,576941,863.399685864699,91370.71715547096,46.91675903648138,-976,976,-962336,-2721250,2467500,-2660000,0,0,-780000,-2483,211,-2680
1781646732394,1.9328409952750008,,0,0,0,0,0,0,1,0,0,0,20.2222834,-85.41129049999999,0,NoFix,649521792,0,0,251537100,577441,862.4758636618213,91380.92822809058,46.92555852793157,5856,20496,-977952,2178750,236250,0,0,0,-780000,-2476,223,-2714
1781646732877,1.087718102968438,,0,0,0,0,0,0,1,0,0,0,21.4515615,-85.81380519999999,0,NoFix,649521792,0,0,251537300,577941,861.9451818769281,91386.79430930434,46.912359283771366,-244976,7808,-966240,2205000,1137500,-1802500,0,0,-1560000,-2475,246,-2597
1781646733389,2.620784217978894,,0,0,0,0,0,0,1,0,0,0,19.7533639,-85.2581221,0,NoFix,649521792,0,0,251537900,578441,863.399685864699,91370.71715547096,46.91675903648138,-4880,3904,-951600,2178750,1137500,1321250,0,0,-780000,-2461,244,-2662
1781646733905,1.4709634783167758,,0,0,0,0,0,0,1,0,0,0,19.7503511,-85.2562037,0,NoFix,649521856,0,0,251538500,578941,862.6330963929435,91379.19025829685,46.91675903648138,-15616,-1952,-956480,1295000,2493750,1321250,0,0,-1560000,-2459,223,-2628
1781646734391,2.2374965346266436,,0,0,0,0,0,0,1,0,0,0,19.7478403,-85.25460509999999,0,NoFix,649521856,0,0,251539000,579441,862.8591523455086,91376.69159886846,46.92555852793157,5856,15616,-963312,4847500,-1111250,-4042500,0,0,-780000,-2432,211,-2667
1781646734878,2.2374965346266436,,0,0,0,0,0,0,1,0,0,0,19.7453294,-85.25300659999999,0,NoFix,649521856,0,0,251539500,579941,862.5544796359155,91380.05924417666,46.92115878453478,-7808,24400,-945744,840000,-3806250,-892500,0,780000,-780000,-2447,198,-2672
1781646735363,2.8468552759479735,,0,0,0,0,0,0,1,0,0,0,19.7428183,-85.251408,0,NoFix,649521856,0,0,251540000,580441,863.1638409434314,91373.32387839761,46.92995826667175,5856,976,-948672,848750,691250,883750,0,0,-780000,-2457,212,-2652
1781646735903,3.07294557257228,,0,0,0,0,0,0,1,0,0,0,19.7403072,-85.24980959999999,0,NoFix,649521856,0,0,251540500,580941,862.7019237464357,91378.42948452651,46.93435800075531,-6832,16592,-976000,-1828750,-2441250,-446250,0,0,-1560000,-2450,197,-2670
1781646736390,2.306323888118868,,0,0,0,0,0,0,1,0,0,0,17.904855899999998,-84.663934,0,NoFix,649521856,0,0,251541100,581441,862.7805376545083,91377.56054268056,46.92995826667175,7808,27328,-987712,-1373750,-656250,1767500,0,780000,-780000,-2456,190,-2722
1781646736874,1.9230342041241784,,0,0,0,0,0,0,1,0,0,0,17.903817,-84.6633356,0,NoFix,649521856,0,0,251541300,581941,862.7805376545083,91377.56054268056,46.92995826667175,-18544,22448,-963312,1732500,-1111250,1347500,-780000,0,-1560000,-2463,218,-2666
1781646737359,1.5397586240260352,,0,0,0,0,0,0,1,0,0,0,15.9191585,-84.0442796,0,NoFix,649521856,0,0,251541900,582441,862.3972484706643,91381.79721003836,46.92995826667175,-17568,-235216,-965264,2633750,1137500,0,0,0,-1560000,-2476,208,-2655
1781646737877,2.768241085114596,,0,0,0,0,0,0,1,0,0,0,11.455006299999999,-82.6966704,0,NoFix,649521856,0,0,251542400,582941,860.7856163534825,91399.61304274581,46.93435800075531,0,22448,-939888,-4943750,-210000,437500,0,0,-780000,-2465,214,-2655
1781646738388,2.5324032101407283,,0,0,0,0,0,0,1,0,0,0,8.9467383,-81.96001199999999,0,NoFix,649521856,0,0,251542900,583441,862.240020437153,91383.53516803504,46.93875773018226,-8784,2928,-962336,-2712500,-4261250,1321250,0,0,-780000,-2437,276,-2706
1781646738874,1.7658077364766314,,0,0,0,0,0,0,1,0,0,0,11.449240099999999,-82.69435229999999,0,NoFix,649521856,0,0,251543400,583942,861.3948685367826,91392.87771683777,46.9431574549526,12688,-1952,-964288,-1356250,-4707500,3543750,0,780000,-1560000,-2452,241,-2712
1781646739359,1.7658077364766314,,0,0,0,0,0,0,1,0,0,0,13.764726099999999,-83.3856392,0,NoFix,649521856,0,0,251543900,584442,862.9280030684575,91375.93058363024,46.9431574549526,-7808,7808,-959408,-4042500,-1557500,883750,0,0,-780000,-2403,214,-2685
1781646739875,2.1490984207569,,0,0,0,0,0,0,1,0,0,0,12.7019425,-83.0661305,0,NoFix,649521856,0,0,251544500,584942,862.9280030684575,91375.93058363024,46.9431574549526,-7808,21472,-947696,2213750,1137500,1321250,0,0,-780000,-2462,214,-2670
1781646740362,2.5324032101407283,,0,0,0,0,0,0,1,0,0,0,15.9024901,-84.0356697,0,NoFix,649521856,0,0,251545000,585442,862.9280030684575,91375.93058363024,46.9431574549526,11712,36112,-954528,-936250,1592500,-1776250,0,0,-780000,-2457,239,-2664
1781646740882,0.9992686784657963,,0,0,0,0,0,0,1,0,0,0,15.900876799999999,-84.03483659999999,0,NoFix,649521856,0,0,251545300,585942,862.1614075947934,91384.40414408369,46.9431574549526,-976,4880,-984784,-490000,691250,1793750,0,0,-780000,-2429,252,-2659
1781646741358,2.1490984207569,,0,0,0,0,0,0,1,0,0,0,15.8976502,-84.0331703,0,NoFix,649521856,0,0,251545900,586442,862.0827955353725,91385.27311816555,46.94755717506632,-245952,11712,-932080,-481250,-1557500,3543750,780000,0,-1560000,-2452,213,-2645
1781646741844,1.6871956770556835,,0,0,0,0,0,0,1,0,0,0,15.895499,-84.0320595,0,NoFix,649521920,0,0,251546300,586942,862.387475943419,91381.905232246,46.951956890523434,237168,9760,-965264,857500,-1102500,2213750,0,0,-780000,-2437,243,-2671
1781646742358,2.070486861466975,,0,0,0,0,0,0,1,0,0,0,15.8922721,-84.0303933,0,NoFix,649521920,0,0,251546900,587442,861.7781310144293,91388.64092892307,46.9431574549526,-248880,-976,-953552,6667500,3395000,1321250,0,0,-780000,-2455,228,-2670
1781646742845,2.070486861466975,,0,0,0,0,0,0,1,0,0,0,15.889582899999999,-84.02900489999999,0,NoFix,649521920,0,0,251547400,587942,862.5446982790737,91380.16736231945,46.9431574549526,-245952,21472,-959408,-2747500,-1111250,-4068750,0,0,-780000,-2438,235,-2653
1781646743356,2.837111546831011,,0,0,0,0,0,0,1,0,0,0,13.741895999999999,-83.3751729,0,NoFix,649521920,0,0,251548000,588442,862.7707817330821,91377.66837728649,46.951956890523434,-9760,-246928,-969168,402500,-1111250,-4068750,0,780000,-780000,-2450,236,-2659
1781646743841,0.6160203023463282,,0,0,0,0,0,0,1,0,0,0,13.7391115,-83.3738966,0,NoFix,649521920,0,0,251548500,588942,862.387475943419,91381.905232246,46.951956890523434,-976,2928,-952576,2625000,1592500,0,0,0,-780000,-2446,242,-2671
1781646744358,2.1490984207569,,0,0,0,0,0,0,1,0,0,0,13.736326799999999,-83.3726204,0,NoFix,649521920,0,0,251549000,589442,862.0827955353725,91385.27311816555,46.94755717506632,-5856,26352,-966240,857500,-2012500,-2222500,0,0,-1560000,-2438,225,-2658
1781646744844,2.689627677202907,,0,0,0,0,0,0,1,0,0,0,15.8799011,-84.0240068,0,NoFix,649521920,0,0,251549200,589942,862.4660867197838,91381.0362982661,46.94755717506632,-18544,13664,-958432,-3158750,-2012500,0,0,0,-1560000,-2465,228,-2606
1781646745330,0.9206556188080413,,0,0,0,0,0,0,1,0,0,0,15.8766736,-84.0223408,0,NoFix,649521920,0,0,251549800,590442,862.1614075947934,91384.40414408369,46.9431574549526,-1952,2928,-959408,-1382500,2030000,-1330000,0,-780000,-1560000,-2445,202,-2656
1781646745840,2.915722105828081,,0,0,0,0,0,0,1,0,0,0,15.8739838,-84.0209526,0,NoFix,649521920,0,0,251550300,590942,862.240020437153,91383.53516803504,46.93875773018226,-976,1952,-956480,848750,2038750,0,0,0,-780000,-2450,221,-2661
1781646746356,1.6969892236992337,,0,0,0,0,0,0,1,0,0,0,17.8539286,-84.63462,0,NoFix,649521920,0,0,251550900,591442,863.3899333060635,91370.82494637309,46.93875773018226,-25376,5856,-956480,-2721250,691250,-3552500,0,0,-1560000,-2429,204,-2644
1781646746842,2.306323888118868,,0,0,0,0,0,0,1,0,0,0,17.8513292,-84.63312479999999,0,NoFix,649521920,0,0,251551400,591942,862.3972484706643,91381.79721003836,46.92995826667175,-9760,4880,-959408,-490000,-210000,1347500,0,0,-1560000,-2440,238,-2659
1781646747327,1.3137287465759755,,0,0,0,0,0,0,1,0,0,0,17.8487296,-84.6316296,0,NoFix,649521920,0,0,251551900,592442,862.0139733907091,91386.0338804712,46.92995826667175,-1952,20496,-942816,-52500,236250,3543750,0,0,-780000,-2438,236,-2695
1781646747814,0.9304823709462653,,0,0,0,0,0,0,1,0,0,0,17.84613,-84.6301345,0,NoFix,649521920,0,0,251552400,592942,863.9304898413019,91364.85055905563,46.92995826667175,-6832,243024,-957456,-2712500,-2012500,0,0,0,-780000,-2438,248,-2590
1781646748354,2.0016486123474806,,0,0,0,0,0,0,1,0,0,0,17.8430103,-84.6283404,0,NoFix,649521920,0,0,251553000,593442,863.2424551342648,91372.45497272119,46.92555852793157,-5856,20496,-967216,-4060000,236250,2257500,0,0,-1560000,-2450,240,-2632
1781646748840,1.9230342041241784,,0,0,0,0,0,0,1,0,0,0,17.8419703,-84.6277424,0,NoFix,649521920,0,0,251553300,593942,862.092589082016,91385.16486038762,46.92555852793157,-18544,-4880,-960384,1758750,-1557500,-2660000,0,0,-780000,-2399,235,-2688
1781646749326,2.768241085114596,,0,0,0,0,0,0,1,0,0,0,19.673468099999997,-85.20730809999999,0,NoFix,649521920,0,0,251553800,594442,862.3972484706643,91381.79721003836,46.92995826667175,-10736,16592,-968192,-936250,2012500,1767500,0,0,-780000,-2427,267,-2689
1781646749811,2.306323888118868,,0,0,0,0,0,0,1,0,0,0,21.3688952,-85.75615239999999,0,NoFix,649521920,0,0,251554300,594942,862.4758636618213,91380.92822809058,46.92555852793157,-9760,6832,-959408,-1828750,-1111250,-446250,0,0,-1560000,-2469,242,-2678
1781646750298,1.9230342041241784,,0,0,0,0,0,0,1,0,0,0,21.365974899999998,-85.7541188,0,NoFix,649521920,0,0,251554900,595442,862.240020437153,91383.53516803504,46.93875773018226,-14640,-9760,-961360,-4935000,2030000,4427500,0,0,-1560000,-2454,236,-2682
1781646750838,1.9230342041241784,,0,0,0,0,0,0,1,0,0,0,21.3635412,-85.7524242,0,NoFix,649521920,0,0,251555400,595942,863.0852275355197,91374.19278210802,46.93435800075531,3904,14640,-977952,848750,2038750,-1330000,0,0,-780000,-2471,252,-2672
1781646751324,0.9992686784657963,,0,0,0,0,0,0,1,0,0,0,21.3606206,-85.7503907,0,NoFix,649521920,0,0,251556000,596442,862.0827955353725,91385.27311816555,46.94755717506632,227408,5856,-947696,4453750,-4707500,1347500,0,0,-780000,-2453,238,-2691
1781646751810,0.6160203023463282,,0,0,0,0,0,0,1,0,0,0,19.6598892,-85.1986842,0,NoFix,649521920,0,0,251556500,596942,862.1614075947934,91384.40414408369,46.9431574549526,24400,-976,-951600,-2712500,691250,0,0,0,-780000,-2480,229,-2683
1781646752296,1.6085844005634726,,0,0,0,0,0,0,1,0,0,0,19.6573743,-85.19708729999999,0,NoFix,649521920,0,0,251557000,597442,862.387475943419,91381.905232246,46.951956890523434,242048,12688,-972096,-1828750,-665000,-2240000,0,0,-780000,-2463,219,-2685
1781646752812,2.4537921509921716,,0,0,0,0,0,0,1,0,0,0,19.655865199999997,-85.1961292,0,NoFix,649521920,0,0,251557300,597942,862.1614075947934,91384.40414408369,46.9431574549526,-8784,2928,-949648,-35000,-1986250,0,0,0,-1560000,-2476,231,-2660
1781646753322,2.4537921509921716,,0,0,0,0,0,0,1,0,0,0,19.65335,-85.1945324,0,NoFix,649521920,0,0,251557800,598442,862.0041842588803,91386.14209028058,46.951956890523434,6832,1952,-970144,875000,-2003750,-26250,0,0,-780000,-2402,264,-2682
1781646753808,1.4513641963732198,,0,0,0,0,0,0,1,0,0,0,19.6503317,-85.1926163,0,NoFix,649521984,0,0,251558400,598942,862.996884425618,91375.16923492152,46.96075630746782,6832,-12688,-968192,-936250,1592500,1321250,0,0,-780000,-2444,250,-2677
1781646754294,2.296572381446026,,0,0,0,0,0,0,1,0,0,0,19.6478163,-85.1910197,0,NoFix,649522048,0,0,251558900,599442,862.7707817330821,91377.66837728649,46.951956890523434,-3904,14640,-956480,1295000,-1102500,2213750,0,0,-1560000,-2427,245,-2712
1781646754810,1.5299739070043188,,0,0,0,0,0,0,1,0,0,0,18.4375326,-84.8061823,0,NoFix,649522048,0,0,251559400,599942,862.387475943419,91381.905232246,46.951956890523434,-3904,16592,-962336,-1426250,1592500,1793750,0,0,-1560000,-2445,238,-2661
1781646755295,1.6085844005634726,,0,0,0,0,0,0,1,0,0,0,17.8071225,-84.6077128,0,NoFix,649522048,0,0,251559900,600443,862.7707817330821,91377.66837728649,46.951956890523434,0,7808,-959408,2178750,-1102500,-2222500,0,0,-780000,-2444,231,-2622
1781646755806,2.296572381446026,,0,0,0,0,0,0,1,0,0,0,16.6317639,-84.2421189,0,NoFix,649522048,0,0,251560500,600943,862.7707817330821,91377.66837728649,46.951956890523434,-1952,11712,-970144,-2721250,-2012500,437500,0,0,-780000,-2472,227,-2683
1781646756292,2.7585017707446013,,0,0,0,0,0,0,1,0,0,0,17.801399399999998,-84.6044251,0,NoFix,649522048,0,0,251561000,601443,860.3139343431632,91404.82779658205,46.96075630746782,9760,7808,-957456,-2275000,236250,0,0,0,-780000,-2485,234,-2707
1781646756808,2.9846195710815664,,0,0,0,0,0,0,1,0,0,0,17.800358799999998,-84.60382729999999,0,NoFix,649522048,0,0,251561200,601943,862.5349556018908,91380.27505301987,46.96515600895509,8784,-18544,-966240,-481250,-210000,2651250,0,0,-780000,-2464,231,-2700
1781646757294,2.217963671051052,,0,0,0,0,0,0,1,0,0,0,17.7972368,-84.6020341,0,NoFix,649522048,0,0,251561800,602443,862.8396703538135,91376.90693657332,46.96955570578575,-16592,14640,-970144,3071250,-201250,-446250,0,0,-1560000,-2475,210,-2694
1781646757779,1.7560484535489422,,0,0,0,0,0,0,1,0,0,0,19.6307083,-85.1801634,0,NoFix,649522048,0,0,251562300,602943,861.6897469822152,91389.61795906912,46.96955570578575,-16592,18544,-947696,-4051250,-2905000,-2660000,780000,0,-780000,-2462,244,-2673
1781646758290,2.365464633963029,,0,0,0,0,0,0,1,0,0,0,17.7920332,-84.5990456,0,NoFix,649522048,0,0,251562800,603443,862.3777420956793,91382.01282700623,46.9739553979598,-2928,11712,-964288,848750,2038750,-918750,0,0,-780000,-2471,242,-2662
1781646758805,2.208255259610837,,0,0,0,0,0,0,1,0,0,0,18.4174666,-84.7942569,0,NoFix,649522048,0,0,251563300,603943,863.1444009964426,91373.53874496541,46.9739553979598,8784,8784,-960384,3517500,691250,883750,0,0,-780000,-2458,219,-2715
1781646759293,2.5129897512733805,,0,0,0,0,0,0,1,0,0,0,18.414379,-84.7924225,0,NoFix,649522048,0,0,251563900,604443,862.5252516051066,91380.38231626853,46.98715444654226,-976,31232,-963312,-3158750,245000,2213750,0,0,-780000,-2443,214,-2673
1781646759778,1.6677246199016054,,0,0,0,0,0,0,1,0,0,0,19.6196356,-85.17313999999999,0,NoFix,649522112,0,0,251564500,604943,862.3680469281942,91382.1199943095,46.99595378898084,-8784,5856,-957456,2633750,1137500,1767500,0,0,-780000,-2440,242,-2692
1781646760263,2.660539024076911,,0,0,0,0,0,0,1,0,0,0,16.6078643,-84.22924239999999,0,NoFix,649522112,0,0,251565000,605443,862.2894457640962,91382.98883037778,47.00035345321521,0,16592,-952576,1295000,1592500,2213750,0,0,-1560000,-2423,223,-2638
1781646760750,1.589122172817838,,0,0,0,0,0,0,1,0,0,0,19.6140985,-85.16962869999999,0,NoFix,649522112,0,0,251565600,605943,861.3656070965152,91393.20119494252,47.00915276771411,-20496,9760,-964288,-4103750,1137500,1347500,0,0,-780000,-2444,242,-2680
1781646761289,2.1985855293945633,,0,0,0,0,0,0,1,0,0,0,16.6036146,-84.2269535,0,NoFix,649522112,0,0,251565800,606443,862.2108453828895,91383.85766447787,47.00475311279297,-3904,12688,-972096,411250,-1995000,-892500,0,0,-780000,-2430,227,-2662
1781646761775,2.1199864311720376,,0,0,0,0,0,0,1,0,0,0,17.7738171,-84.5885869,0,NoFix,649522112,0,0,251566300,606943,862.5155862894889,91380.48915205576,47.00915276771411,-13664,-6832,-946720,2187500,-2458750,0,0,0,-780000,-2432,234,-2701
1781646762262,2.0413881158381173,,0,0,0,0,0,0,1,0,0,0,15.7846298,-83.97488179999999,0,NoFix,649522176,0,0,251566900,607443,862.3583904417214,91382.22673414629,47.01795206358656,6832,5856,-960384,-927500,245000,1321250,0,0,-780000,-2428,234,-2673
1781646762748,1.8841938338584896,,0,0,0,0,0,0,1,0,0,0,15.7824754,-83.97377209999999,0,NoFix,649522112,0,0,251567300,607943,862.8203430879412,91377.1205644737,47.013552417978644,-7808,-2928,-959408,-4042500,-2450000,437500,0,0,-780000,-2452,220,-2650
1781646763263,1.805597867213919,,0,0,0,0,0,0,1,0,0,0,15.7792436,-83.9721076,0,NoFix,649522112,0,0,251567900,608443,862.5059596557691,91380.5955603722,47.03115097247064,-22448,12688,-968192,-1828750,1137500,1321250,0,0,-780000,-2418,231,-2620
1781646763774,2.3365450028402392,,0,0,0,0,0,0,1,0,0,0,19.049367099999998,-84.9857968,0,NoFix,649522176,0,0,251568500,608943,862.6631498060804,91378.85806636067,47.02235170453787,-5856,18544,-984784,1295000,1120000,883750,0,0,-1560000,-2427,199,-2641
1781646764260,0.8817353799415741,,0,0,0,0,0,0,1,0,0,0,17.014095299999997,-84.34941789999999,0,NoFix,649522176,0,0,251569000,609443,861.8868216878442,91387.43943316143,47.0443498394452,237168,976,-973072,411250,2493750,437500,0,0,-1560000,-2424,188,-2676
1781646764746,1.5698146646084297,,0,0,0,0,0,0,1,0,0,0,17.0114579,-84.3479646,0,NoFix,649522176,0,0,251569500,609943,862.732144861157,91378.09544117383,47.03995022177696,3904,9760,-953552,-2695000,-2458750,3097500,0,0,-780000,-2479,238,-2646
1781646765261,2.562749451176387,,0,0,0,0,0,0,1,0,0,0,17.0098754,-84.34709269999999,0,NoFix,649522176,0,0,251569800,610443,862.6535530261314,91378.96414315484,47.0443498394452,-3904,10736,-945744,3080000,-1557500,1767500,0,0,-780000,-2457,254,-2648
1781646765747,1.5698146646084297,,0,0,0,0,0,0,1,0,0,0,18.3814341,-84.7728589,0,NoFix,649522176,0,0,251570300,610943,862.0440081409043,91385.70187470035,47.03555059945211,-1952,8784,-967216,-4042500,-1977500,-892500,0,0,-780000,-2467,213,-2630
1781646766257,2.1007718463970377,,0,0,0,0,0,0,1,0,0,0,20.454092199999998,-85.4300006,0,NoFix,649522176,0,0,251570900,611443,863.1941233144406,91372.98917309773,47.03555059945211,-17568,14640,-966240,-918750,-1102500,437500,0,0,-1560000,-2438,177,-2680
1781646766745,2.484159681938195,,0,0,0,0,0,0,1,0,0,0,17.0014348,-84.34244269999999,0,NoFix,649522176,0,0,251571400,611943,863.4203408095625,91370.48886544885,47.0443498394452,-5856,1952,-964288,-2266250,-210000,-892500,0,-780000,-1560000,-2426,205,-2662
1781646767259,1.3340385080236956,,0,0,0,0,0,0,1,0,0,0,18.3731951,-84.7679691,0,NoFix,649522176,0,0,251571900,612443,862.2701803019429,91383.20178662048,47.0443498394452,-19520,-18544,-964288,-4935000,1146250,-1776250,0,0,-780000,-2454,194,-2698
1781646767745,2.3365450028402392,,0,0,0,0,0,0,1,0,0,0,20.4461641,-85.4247376,0,NoFix,649522176,0,0,251572500,612943,862.0440081409043,91385.70187470035,47.03555059945211,-12688,-6832,-964288,1295000,-1548750,1767500,0,0,-780000,-2447,218,-2666
1781646768232,1.5698146646084297,,0,0,0,0,0,0,1,0,0,0,19.0264712,-84.9717149,0,NoFix,649522176,0,0,251573000,613443,862.3487726370025,91382.33304650712,47.03995022177696,-976,976,-958432,3088750,2493750,3543750,0,0,-780000,-2428,223,-2678
1781646768743,1.874580443626087,,0,0,0,0,0,0,1,0,0,0,19.0234177,-84.96983759999999,0,NoFix,649522176,0,0,251573600,613943,862.8107374790599,91377.22673722346,47.03555059945211,3904,0,-974048,402500,-1102500,1793750,0,0,-780000,-2412,197,-2665
1781646769258,2.3365450028402392,,0,0,0,0,0,0,1,0,0,0,19.0223998,-84.9692118,0,NoFix,649522176,0,0,251573800,614443,862.8107374790599,91377.22673722346,47.03555059945211,-4880,10736,-956480,-1820000,-2458750,3613750,780000,0,-780000,-2422,197,-2680
1781646769744,2.8771163568447946,,0,0,0,0,0,0,1,0,0,0,16.986133499999998,-84.33401549999999,0,NoFix,649522176,0,0,251574300,614943,862.8107374790599,91377.22673722346,47.03555059945211,0,6832,-971120,-43750,-656250,437500,0,780000,-780000,-2426,202,-2622
1781646770230,2.2675499477635412,,0,0,0,0,0,0,1,0,0,0,16.983494999999998,-84.3325627,0,NoFix,649522176,0,0,251574800,615443,862.3583904417214,91382.22673414629,47.01795206358656,-17568,12688,-963312,-4488750,-1102500,3543750,0,0,-1560000,-2418,206,-2692
1781646770715,2.2675499477635412,,0,0,0,0,0,0,1,0,0,0,14.7676055,-83.6577811,0,NoFix,649522176,0,0,251575400,615943,862.584554339487,91379.72681435087,47.02675134083256,-10736,-4880,-955504,3981250,-665000,-3106250,0,780000,-780000,-2425,223,-2673
1781646771226,2.1199864311720376,,0,0,0,0,0,0,1,0,0,0,18.352592599999998,-84.7557466,0,NoFix,649522176,0,0,251575900,616444,862.5155862894889,91380.48915205576,47.00915276771411,8784,18544,-982832,857500,4296250,4427500,0,780000,-780000,-2477,190,-2708
1781646771742,2.0413881158381173,,0,0,0,0,0,0,1,0,0,0,18.3495016,-84.7539134,0,NoFix,649522176,0,0,251576500,616944,863.3609077249943,91371.1457544425,47.00475311279297,14640,3904,-971120,411250,-2905000,1767500,0,0,-780000,-2439,212,-2679
1781646772227,1.8152455245726742,,0,0,0,0,0,0,1,0,0,0,18.3474409,-84.75269139999999,0,NoFix,649522176,0,0,251576900,617444,862.6727852688413,91378.75156209116,47.00035345321521,6832,1952,-966240,-3150000,-1102500,1321250,0,0,-780000,-2452,237,-2721
1781646772712,2.7391391880038327,,0,0,0,0,0,0,1,0,0,0,18.3443497,-84.75085829999999,0,NoFix,649522176,0,0,251577500,617944,862.5941853877114,91379.6203580577,47.00475311279297,231312,6832,-968192,-1365000,-3360000,3587500,0,0,-780000,-2459,232,-2694
1781646773208,2.277185410524453,,0,0,0,0,0,0,1,0,0,0,18.342803999999997,-84.7499419,0,NoFix,649522176,0,0,251577800,618444,862.3680469281942,91382.1199943095,46.99595378898084,-21472,18544,-975024,1295000,1146250,0,0,0,-1560000,-2452,225,-2681
1781646773740,2.896341864535316,,0,0,0,0,0,0,1,0,0,0,18.340227799999997,-84.7484144,0,NoFix,649522176,0,0,251578300,618944,863.213339993144,91372.77677530954,46.99155412008986,-13664,-16592,-949648,2187500,691250,437500,0,0,-1560000,-2441,210,-2694
1781646774226,3.7416899345423644,,0,0,0,0,0,0,1,0,0,0,20.4149349,-85.4040198,0,NoFix,649522176,0,0,251578800,619444,862.7513859328592,91377.88276415651,46.99595378898084,5856,26352,-962336,-43750,2493750,883750,0,0,-780000,-2467,216,-2648
1781646774722,2.208255259610837,,0,0,0,0,0,0,1,0,0,0,20.4119597,-85.402047,0,NoFix,649522176,0,0,251579400,619944,862.1419277082135,91384.61947322893,46.98715444654226,-9760,6832,-982832,5792500,-210000,-446250,0,0,-780000,-2433,214,-2654
1781646775197,2.286859555334786,,0,0,0,0,0,0,1,0,0,0,20.4094802,-85.4004032,0,NoFix,649522304,0,0,251579900,620444,862.9871926223101,91375.2763585448,46.982754768338054,-14640,12688,-963312,1750000,-656250,1820000,0,0,-780000,-2428,231,-2688
1781646775711,2.1296517467898184,,0,0,0,0,0,0,1,0,0,0,20.407000699999998,-85.3987594,0,NoFix,649522304,0,0,251580400,620944,863.1444009964426,91373.53874496541,46.9739553979598,-15616,3904,-969168,-4497500,-2012500,1321250,0,780000,-780000,-2417,213,-2715
1781646776223,2.82740649953962,,0,0,0,0,0,0,1,0,0,0,20.404521,-85.39711559999999,0,NoFix,649522304,0,0,251580900,621444,863.6063564706417,91368.43293695097,46.96955570578575,-21472,0,-976000,-35000,691250,-3106250,0,0,-780000,-2446,224,-2671
1781646776711,1.9821422373624955,,0,0,0,0,0,0,1,0,0,0,20.402041099999998,-85.39547189999999,0,NoFix,649522304,0,0,251581400,621944,863.0657964179262,91374.40755273882,46.97835508547723,0,-15616,-951600,2633750,2021250,3981250,0,0,-780000,-2457,207,-2693
1781646777195,2.82740649953962,,0,0,0,0,0,0,1,0,0,0,22.299922799999997,-86.01091819999999,0,NoFix,649522304,0,0,251581700,622444,863.3016125021793,91371.80112351688,46.96515600895509,-7808,14640,-956480,1295000,-2012500,1767500,0,0,-780000,-2426,221,-2686
1781646777710,3.2107566123248716,,0,0,0,0,0,0,1,0,0,0,22.2975334,-86.009164,0,NoFix,649522240,0,0,251582300,622944,862.5349556018908,91380.27505301987,46.96515600895509,-2928,-10736,-974048,-35000,4296250,-3106250,0,0,-1560000,-2451,259,-2669
1781646778197,2.522677139946495,,0,0,0,0,0,0,1,0,0,0,24.033530499999998,-86.5866582,0,NoFix,649522304,0,0,251582800,623444,862.3777420956793,91382.01282700623,46.9739553979598,976,8784,-959408,-3605000,-2905000,883750,0,0,-1560000,-2430,212,-2650
1781646778708,2.444070495496703,,0,0,0,0,0,0,1,0,0,0,24.031225199999998,-86.5847994,0,NoFix,649522304,0,0,251583300,623944,863.2230063578564,91372.66993522475,46.96955570578575,14640,-16592,-967216,-3158750,-4252500,-1802500,0,0,-780000,-2447,200,-2693
1781646779193,1.903536658628127,,0,0,0,0,0,0,1,0,0,0,25.623054699999997,-87.1284151,0,NoFix,649522304,0,0,251583900,624444,862.3777420956793,91382.01282700623,46.9739553979598,18544,-235216,-966240,-481250,-2003750,-1382500,-780000,0,-1560000,-2457,200,-2661
1781646779709,3.1321517510392596,,0,0,0,0,0,0,1,0,0,0,22.2870186,-86.0014466,0,NoFix,649522304,0,0,251584400,624944,862.4563484573255,91381.14394099676,46.96955570578575,-6832,26352,-969168,-35000,-1557500,2651250,0,0,-780000,-2436,256,-2581
1781646780195,3.515516473901812,,0,0,0,0,0,0,1,0,0,0,25.6186005,-87.12449869999999,0,NoFix,649522304,0,0,251584900,625444,862.6824594136516,91378.644630356,46.97835508547723,12688,-21472,-964288,2633750,-1557500,-2222500,0,0,-780000,-2439,209,-2593
1781646780679,2.7488011381258275,,0,0,0,0,0,0,1,0,0,0,25.6159277,-87.122149,0,NoFix,649522304,0,0,251585500,625944,863.1444009964426,91373.53874496541,46.9739553979598,-5856,16592,-963312,-3158750,691250,2651250,0,0,-780000,-2435,203,-2644
1781646781192,1.8249318628071478,,0,0,0,0,0,0,1,0,0,0,24.0201581,-86.5758779,0,NoFix,649522304,0,0,251585700,626444,862.6038551179277,91379.51347429611,46.982754768338054,-5856,-2928,-967216,-490000,-210000,-892500,0,0,-780000,-2418,206,-2695
1781646781677,2.3557860745423795,,0,0,0,0,0,0,1,0,0,0,24.017390799999998,-86.5736477,0,NoFix,649522304,0,0,251586300,626944,862.220531721124,91383.75059312246,46.982754768338054,-10736,17568,-963312,3080000,2030000,3543750,0,0,-780000,-2452,179,-2662
1781646782192,2.1296517467898184,,0,0,0,0,0,0,1,0,0,0,24.0155459,-86.572161,0,NoFix,649522304,0,0,251586700,627444,862.9871926223101,91375.2763585448,46.982754768338054,-17568,-4880,-954528,-936250,1592500,-892500,0,0,-780000,-2447,196,-2630
1781646782679,2.4343875214613035,,0,0,0,0,0,0,1,0,0,0,20.8260045,-85.52113,0,NoFix,649522304,0,0,251587400,627944,862.9085896095902,91376.1451623832,46.98715444654226,976,9760,-968192,-1382500,1137500,4427500,0,0,-780000,-2452,224,-2632
1781646783165,2.3557860745423795,,0,0,0,0,0,0,1,0,0,0,22.270285299999998,-85.9891711,0,NoFix,649522304,0,0,251587900,628444,862.5941853877114,91379.6203580577,47.00475311279297,-5856,-6832,-965264,3963750,-1111250,-1330000,0,0,-780000,-2438,246,-2657
1781646783676,2.965307866677449,,0,0,0,0,0,0,1,0,0,0,24.007703799999998,-86.565843,0,NoFix,649522304,0,0,251588400,628944,862.3680469281942,91382.1199943095,46.99595378898084,2928,21472,-954528,1758750,691250,437500,0,0,-780000,-2413,224,-2692
1781646784191,3.4272885823799015,,0,0,0,0,0,0,1,0,0,0,22.5432189,-86.07693359999999,0,NoFix,649522304,0,0,251588900,629444,862.5941853877114,91379.6203580577,47.00475311279297,-249856,0,-974048,6238750,-1102500,-1330000,0,0,-780000,-2457,196,-2711
1781646784677,2.1199864311720376,,0,0,0,0,0,0,1,0,0,0,22.540841,-86.0751638,0,NoFix,649522304,0,0,251589400,629944,863.2823096269316,91372.01447217392,47.00915276771411,-17568,9760,-969168,-43750,-2887500,-892500,0,0,-1560000,-2448,222,-2671
1781646785163,3.732086648778136,,0,0,0,0,0,0,1,0,0,0,22.538938599999998,-86.0737481,0,NoFix,649522304,0,0,251589800,630444,862.8989409032018,91376.25181057735,47.00915276771411,-3904,8784,-951600,-1373750,-1557500,883750,0,0,-780000,-2442,207,-2652
1781646785648,2.0413881158381173,,0,0,0,0,0,0,1,0,0,0,22.537036099999998,-86.0723323,0,NoFix,649522368,0,0,251590200,630944,862.5155862894889,91380.48915205576,47.00915276771411,-17568,6832,-977952,-1855000,691250,-446250,0,0,-780000,-2467,211,-2719
1781646786189,2.0413881158381173,,0,0,0,0,0,0,1,0,0,0,24.124769,-86.6003313,0,NoFix,649522368,0,0,251590900,631444,862.5941853877114,91379.6203580577,47.00475311279297,-240096,3904,-956480,1295000,-656250,883750,0,780000,-780000,-2412,203,-2686
1781646786675,2.503341044885019,,0,0,0,0,0,0,1,0,0,0,24.1215473,-86.5977195,0,NoFix,649522432,0,0,251591400,631944,862.5155862894889,91380.48915205576,47.00915276771411,-7808,-11712,-961360,3517500,1137500,-446250,0,0,-780000,-2449,190,-2642
1781646787162,1.962790583404626,,0,0,0,0,0,0,1,0,0,0,24.1192459,-86.595854,0,NoFix,649522432,0,0,251591900,632444,862.6631498060804,91378.85806636067,47.02235170453787,-22448,33184,-964288,-481250,-3342500,1321250,0,0,-1560000,-2459,206,-2727
1781646787647,3.034304506908029,,0,0,0,0,0,0,1,0,0,0,25.585175099999997,-87.0951351,0,NoFix,649522368,0,0,251592400,632945,863.6561156629398,91367.88298239243,47.03115097247064,-35136,-1952,-966240,-2730000,2038750,1321250,0,0,-1560000,-2434,220,-2654
1781646788162,2.9557100404450694,,0,0,0,0,0,0,1,0,0,0,25.5829456,-87.0931781,0,NoFix,649522432,0,0,251592900,633445,862.8107374790599,91377.22673722346,47.03555059945211,-25376,5856,-949648,2642500,1592500,1767500,0,0,-780000,-2443,204,-2705
1781646788674,2.3365450028402392,,0,0,0,0,0,0,1,0,0,0,22.756977499999998,-86.1384339,0,NoFix,649522432,0,0,251593400,633945,862.5059596557691,91380.5955603722,47.03115097247064,-20496,-15616,-958432,-3605000,-2012500,-3552500,0,780000,-780000,-2430,206,-2683
1781646789160,2.798523456123803,,0,0,0,0,0,0,1,0,0,0,24.219295499999998,-86.6254548,0,NoFix,649522432,0,0,251593800,634445,862.732144861157,91378.09544117383,47.03995022177696,-8784,-18544,-958432,4418750,4261250,437500,0,0,-780000,-2441,185,-2641
1781646789645,1.491221829527376,,0,0,0,0,0,0,1,0,0,0,25.5767021,-87.087699,0,NoFix,649522432,0,0,251594300,634945,862.6535530261314,91378.96414315484,47.0443498394452,-976,976,-961360,857500,245000,883750,0,0,-780000,-2439,235,-2624
1781646790130,3.181923403965584,,0,0,0,0,0,0,1,0,0,0,25.5744719,-87.08574229999999,0,NoFix,649522432,0,0,251594800,635445,862.5749619739843,91379.83284316637,47.04874945245683,976,-9760,-980880,-3158750,-2458750,1347500,0,0,-780000,-2438,198,-2623
1781646790648,2.2579531678145486,,0,0,0,0,0,0,1,0,0,0,25.571795599999998,-87.0833943,0,NoFix,649522432,0,0,251595400,635945,862.9583493094932,91375.5951646437,47.04874945245683,-19520,6832,-963312,857500,2030000,883750,0,0,-780000,-2421,239,-2644
1781646791158,2.1007718463970377,,0,0,0,0,0,0,1,0,0,0,26.9276505,-87.5558161,0,NoFix,649522432,0,0,251595900,636445,862.5749619739843,91379.83284316637,47.04874945245683,-10736,19520,-942816,-1382500,691250,-1330000,0,0,-780000,-2441,229,-2714
1781646791654,2.788973143638259,,0,0,0,0,0,0,1,0,0,0,26.9254873,-87.55377229999999,0,NoFix,649522432,0,0,251596400,636945,862.4177822183179,91381.5702372803,47.05754866451025,11712,17568,-957456,-1365000,-3351250,-918750,0,0,-1560000,-2454,193,-2693
1781646792130,2.71038544015812,,0,0,0,0,0,0,1,0,0,0,26.923323999999997,-87.5517285,0,NoFix,649522432,0,0,251596900,637445,863.1059852984749,91373.96334862064,47.06194826355204,11712,19520,-955504,-481250,-3797500,-892500,0,0,-780000,-2465,222,-2659
1781646792646,2.788973143638259,,0,0,0,0,0,0,1,0,0,0,26.9211605,-87.5496849,0,NoFix,649522432,0,0,251597400,637945,863.1845730019551,91373.09473078208,47.05754866451025,10736,22448,-959408,-2257500,-2896250,-1330000,0,780000,-780000,-2457,235,-2676
1781646793131,2.2483950714229195,,0,0,0,0,0,0,1,0,0,0,25.5615344,-87.0743948,0,NoFix,649522432,0,0,251597700,638445,863.0273983778592,91374.83196448929,47.06634785793722,-12688,17568,-967216,-5836250,-1557500,-4068750,0,0,-780000,-2456,218,-2663
1781646793643,2.6317985195423717,,0,0,0,0,0,0,1,0,0,0,25.5593032,-87.0724386,0,NoFix,649522432,0,0,251598200,638945,863.8728335369984,91365.48777815881,47.06194826355204,13664,-9760,-944768,-481250,-227500,437500,0,0,-780000,-2435,194,-2667
1781646794128,2.169808433654225,,0,0,0,0,0,0,1,0,0,0,24.0874721,-86.5701165,0,NoFix,649522432,0,0,251598800,639445,863.3322303019629,91371.46271535651,47.07074744766578,976,-249856,-956480,-1365000,-4698750,910000,0,0,-780000,-2442,194,-2629
1781646794643,2.553212381784533,,0,0,0,0,0,0,1,0,0,0,25.554840499999997,-87.06852649999999,0,NoFix,649522496,0,0,251599300,639945,862.7916423131614,91377.43780027467,47.07954661315307,-976,5856,-953552,-4935000,2047500,-446250,0,0,-780000,-2432,202,-2670
1781646795129,1.550661881955648,,0,0,0,0,0,0,1,0,0,0,25.5517163,-87.06578809999999,0,NoFix,649522496,0,0,251599900,640445,861.9462617402725,91386.7823723386,47.083946188911796,-10736,19520,-942816,-3587500,-2003750,883750,0,0,-780000,-2411,198,-2692
1781646795616,2.2388756593385324,,0,0,0,0,0,0,1,0,0,0,27.016738699999998,-87.575775,0,NoFix,649522496,0,0,251600400,640945,863.4799117627094,91369.83045648703,47.083946188911796,976,10736,-953552,-1820000,-656250,1767500,0,0,-780000,-2436,220,-2652
1781646796127,1.7768869877638735,,0,0,0,0,0,0,1,0,0,0,27.0145795,-87.5737249,0,NoFix,649522496,0,0,251600900,641445,862.555893294185,91380.04361832584,47.09274532645941,-3904,4880,-963312,420000,-1548750,4427500,0,0,-780000,-2423,209,-2674
1781646796642,3.310597467596949,,0,0,0,0,0,0,1,0,0,0,25.5445741,-87.0595295,0,NoFix,649522496,0,0,251601500,641945,862.555893294185,91380.04361832584,47.09274532645941,-3904,3904,-946720,857500,-1557500,910000,0,0,-1560000,-2425,185,-2649
1781646797127,2.5437139977439074,,0,0,0,0,0,0,1,0,0,0,25.543681199999998,-87.0587473,0,NoFix,649522496,0,0,251601700,642445,861.6319304123157,91390.25708962894,47.10154444538057,-6832,10736,-962336,-35000,-2003750,-2222500,0,0,-780000,-2427,233,-2630
1781646797613,2.0817119952614576,,0,0,0,0,0,0,1,0,0,0,25.5410024,-87.0564005,0,NoFix,649522496,0,0,251602300,642945,862.7821527576504,91377.54269055705,47.10154444538057,-14640,-10736,-944768,2205000,1146250,2651250,0,0,-780000,-2428,255,-2633
1781646798100,2.0817119952614576,,0,0,0,0,0,0,1,0,0,0,25.539216399999997,-87.0548361,0,NoFix,649522496,0,0,251602700,643445,862.3201513209112,91382.64941863867,47.10594399785623,-2928,8784,-963312,-1811250,236250,0,0,0,-780000,-2425,228,-2698
1781646798614,2.2293949323175184,,0,0,0,0,0,0,1,0,0,0,25.536983799999998,-87.0528806,0,NoFix,649522496,0,0,251603200,643945,862.2415722288597,91383.51801480037,47.11034354567528,-6832,4880,-955504,-3141250,245000,-446250,0,0,-780000,-2405,225,-2691
1781646799125,2.9962824020686867,,0,0,0,0,0,0,1,0,0,0,25.534751099999998,-87.0509252,0,NoFix,649522496,0,0,251603800,644445,862.2415722288597,91383.51801480037,47.11034354567528,10736,-14640,-957456,-1365000,-210000,-1330000,0,0,-780000,-2444,201,-2671
1781646799613,2.5342542998206454,,0,0,0,0,0,0,1,0,0,0,24.062126,-86.54961019999999,0,NoFix,649522496,0,0,251604300,644945,862.6249947906343,91379.2798085909,47.11034354567528,-247904,10736,-955504,-2257500,-201250,463750,0,0,-780000,-2427,246,-2674
1781646800098,2.6128316090953376,,0,0,0,0,0,0,1,0,0,0,24.059821,-86.5477464,0,NoFix,649522496,0,0,251604800,645445,862.6249947906343,91379.2798085909,47.11034354567528,-7808,15616,-962336,-918750,-1557500,883750,0,0,-780000,-2431,267,-2665
1781646800584,1.6888165349978408,,0,0,0,0,0,0,1,0,0,0,22.464679,-86.01856339999999,0,NoFix,649522496,0,0,251605400,645945,862.8512776317006,91376.77863934464,47.119142627343535,-6832,-17568,-966240,-4042500,2047500,-2660000,0,0,-1560000,-2455,247,-2624
1781646801099,2.4556777733837407,,0,0,0,0,0,0,1,0,0,0,22.4637261,-86.01785629999999,0,NoFix,649522496,0,0,251605600,646445,862.0844163933147,91385.25520120905,47.119142627343535,-12688,-1952,-963312,-3158750,-201250,0,0,0,-780000,-2440,220,-2639
1781646801610,2.377102029787352,,0,0,0,0,0,0,1,0,0,0,24.0538272,-86.5429008,0,NoFix,649522496,0,0,251606100,646945,862.0058396498214,91386.12379145567,47.123542161192745,-976,-4880,-982832,4471250,-2003750,1820000,0,0,-780000,-2451,229,-2602
1781646802096,2.4556777733837407,,0,0,0,0,0,0,1,0,0,0,24.0510606,-86.5406646,0,NoFix,649522496,0,0,251606700,647445,862.8512776317006,91376.77863934464,47.119142627343535,-17568,2928,-970144,-1837500,-1102500,437500,0,0,-780000,-2459,227,-2638
1781646802582,2.4556777733837407,,0,0,0,0,0,0,1,0,0,0,24.0482937,-86.5384284,0,NoFix,649522496,0,0,251607300,647945,863.2347294246214,91372.54036302539,47.119142627343535,12688,-2928,-957456,-1811250,2047500,-1330000,0,0,-780000,-2465,233,-2633
1781646803097,2.7605543226719647,,0,0,0,0,0,0,1,0,0,0,24.0459879,-86.536565,0,NoFix,649522560,0,0,251607800,648445,863.4610466304542,91370.03896326317,47.12794169038534,-12688,10736,-970144,1312500,700000,-446250,0,0,-1560000,-2438,247,-2620
1781646803584,3.222595476639185,,0,0,0,0,0,0,1,0,0,0,24.043681799999998,-86.53470159999999,0,NoFix,649522560,0,0,251608300,648945,863.0775797201854,91374.27731276707,47.12794169038534,2928,-4880,-963312,-463750,253750,-892500,0,0,-780000,-2449,223,-2678
1781646804093,2.524833288750301,,0,0,0,0,0,0,1,0,0,0,24.0413757,-86.5328384,0,NoFix,649522560,0,0,251608800,649446,862.615552749424,91379.38417538907,47.132341214921325,8784,12688,-964288,2642500,-201250,1767500,0,0,-780000,-2441,234,-2672
1781646804580,2.1413794960197947,,0,0,0,0,0,0,1,0,0,0,22.4460941,-86.0047764,0,NoFix,649522560,0,0,251609300,649946,862.5369793543366,91380.25268345998,47.136740734800696,-235216,9760,-972096,-481250,2047500,-446250,0,0,-780000,-2437,244,-2610
1781646805106,2.3676898469544767,,0,0,0,0,0,0,1,0,0,0,22.4446642,-86.003716,0,NoFix,649522560,0,0,251609600,650446,862.074966565677,91385.35965960195,47.141140250023454,-6832,14640,-965264,1312500,-2450000,1767500,0,0,-780000,-2438,223,-2603
1781646805582,2.524833288750301,,0,0,0,0,0,0,1,0,0,0,23.9074599,-86.48526269999999,0,NoFix,649522560,0,0,251610100,650946,862.8418610347571,91376.88272259083,47.141140250023454,-21472,9760,-960384,-26250,-647500,-472500,0,0,-780000,-2476,258,-2628
1781646806067,1.9056640077694738,,0,0,0,0,0,0,1,0,0,0,24.0330724,-86.5261311,0,NoFix,649522560,0,0,251610600,651446,862.3798349126708,91381.989693685,47.1455397605896,-16592,17568,-964288,-936250,-656250,883750,0,0,-780000,-2404,243,-2665
1781646806577,1.9842350543540306,,0,0,0,0,0,0,1,0,0,0,24.0303042,-86.5238956,0,NoFix,649522624,0,0,251611200,651946,862.6847191586129,91378.6196526124,47.14993926649913,-239120,11712,-949648,-2703750,-4698750,0,0,0,-780000,-2450,240,-2691
1781646807094,2.672588710294235,,0,0,0,0,0,0,1,0,0,0,24.136983299999997,-86.5584829,0,NoFix,649522624,0,0,251611700,652446,862.5275804137771,91380.35657474377,47.15873826434836,-3904,-20496,-967216,-4917500,-2887500,883750,0,0,-1560000,-2453,243,-2641
1781646807580,2.59401944638887,,0,0,0,0,0,0,1,0,0,0,25.4972186,-87.0180855,0,NoFix,649522624,0,0,251612300,652946,862.8324831253545,91376.98637831242,47.16313775628805,-10736,20496,-954528,-2721250,2948750,411250,780000,0,-780000,-2467,221,-2582
1781646808066,1.4436520678639226,,0,0,0,0,0,0,1,0,0,0,25.494089,-87.0153498,0,NoFix,649522624,0,0,251612800,653446,862.9896193047057,91375.24953638436,47.15433876775205,-33184,19520,-959408,2205000,3832500,5757500,0,0,-780000,-2473,237,-2606
1781646808551,2.1319805554602453,,0,0,0,0,0,0,1,0,0,0,25.4918533,-87.0133958,0,NoFix,649522624,0,0,251613300,653946,863.2159681538117,91372.74772684989,47.16313775628805,-12688,-5856,-956480,-1802500,-1548750,-446250,0,0,-780000,-2426,179,-2693
1781646809092,1.974844941920196,,0,0,0,0,0,0,1,0,0,0,25.490511899999998,-87.0122234,0,NoFix,649522624,0,0,251613600,654446,863.5994673021627,91368.50907846252,47.16313775628805,-243024,3904,-956480,-1811250,-201250,-446250,0,0,-780000,-2435,200,-2649
1781646809578,1.817712459676386,,0,0,0,0,0,0,1,0,0,0,26.8488099,-87.4814731,0,NoFix,649522624,0,0,251614100,654946,863.5209013865561,91369.37742021002,47.16753724357113,-10736,18544,-969168,-3587500,-201250,883750,0,0,-1560000,-2427,234,-2595
1781646810063,2.279750218955769,,0,0,0,0,0,0,1,0,0,0,25.4855929,-87.007925,0,NoFix,649522624,0,0,251614700,655446,862.370444800237,91382.09348898377,47.16753724357113,-6832,-248880,-952576,-17500,1146250,910000,0,780000,-780000,-2459,251,-2634
1781646810559,3.656653138830734,,0,0,0,0,0,0,1,0,0,0,24.120867699999998,-86.5453979,0,NoFix,649522624,0,0,251615200,655946,861.8298540260586,91388.06916733035,47.176336204167455,11712,3904,-951600,2205000,700000,4033750,0,0,-1560000,-2424,260,-2628
1781646811036,2.889608478235459,,0,0,0,0,0,0,1,0,0,0,25.4811204,-87.00401769999999,0,NoFix,649522624,0,0,251615700,656446,863.6687236056916,91367.7436357893,47.1807356774807,0,-3904,-970144,1295000,-2003750,-892500,0,0,-1560000,-2431,215,-2641
1781646811576,2.663236247240093,,0,0,0,0,0,0,1,0,0,0,24.116261899999998,-86.54166,0,NoFix,649522688,0,0,251616300,656946,862.5967847274584,91379.5916264075,47.176336204167455,6832,3904,-960384,-910000,-1102500,-892500,0,0,-1560000,-2439,231,-2637
1781646812062,3.656653138830734,,0,0,0,0,0,0,1,0,0,0,25.476199899999997,-86.9997199,0,NoFix,649522624,0,0,251616800,657446,862.5182201604554,91380.46003849276,47.1807356774807,-6832,-244000,-964288,3535000,2493750,437500,0,0,-1560000,-2452,240,-2585
1781646812548,1.582019607476468,,0,0,0,0,0,0,1,0,0,0,25.4739631,-86.9977665,0,NoFix,649522624,0,0,251617300,657946,863.1280835505694,91373.71909935263,47.18953461013734,4880,976,-972096,3981250,1146250,1321250,780000,0,-780000,-2427,201,-2573
1781646813033,1.503456889050426,,0,0,0,0,0,0,1,0,0,0,25.4730684,-86.9969852,0,NoFix,649522624,0,0,251617500,658446,863.5115998195137,91369.4802252707,47.18953461013734,11712,-10736,-963312,-918750,700000,437500,0,0,-780000,-2405,237,-2624
1781646813549,2.1918588898929556,,0,0,0,0,0,0,1,0,0,0,25.470384,-86.99464119999999,0,NoFix,649522624,0,0,251618100,658946,862.5874587482098,91379.69471060879,47.19833352416754,11712,2928,-970144,420000,2493750,-1776250,0,780000,-780000,-2435,217,-2618
1781646814060,2.575362037464288,,0,0,0,0,0,0,1,0,0,0,25.4681468,-86.992688,0,NoFix,649522624,0,0,251618600,659446,863.0495223317738,91374.58742926114,47.19393406948075,-6832,-8784,-949648,-918750,-2003750,-892500,0,0,-780000,-2436,215,-2640
1781646814547,1.6512493392281158,,0,0,0,0,0,0,1,0,0,0,25.465462,-86.9903442,0,NoFix,649522688,0,0,251619200,659946,862.2039697206012,91383.9336670972,47.19833352416754,-9760,3904,-961360,-910000,-1548750,4427500,0,0,-780000,-2441,242,-2698
1781646815032,2.1132987368253,,0,0,0,0,0,0,1,0,0,0,25.462777,-86.98800059999999,0,NoFix,649522688,0,0,251619800,660446,863.5808940315427,91368.71435703376,47.20713241957128,-9760,-6832,-965264,-2240000,-3333750,1767500,0,0,-780000,-2404,252,-2627
1781646815548,2.4182435138726532,,0,0,0,0,0,0,1,0,0,0,25.460539299999997,-86.98604759999999,0,NoFix,649522688,0,0,251620300,660946,862.4303392248761,91381.43143681178,47.20713241957128,-5856,-13664,-960384,3543750,2047500,1321250,0,0,-780000,-2439,248,-2656
1781646816034,2.034739366559279,,0,0,0,0,0,0,1,0,0,0,24.1891048,-86.55583879999999,0,NoFix,649522688,0,0,251620800,661446,863.5808940315427,91368.71435703376,47.20713241957128,-12688,15616,-968192,-2248750,-1548750,3543750,0,0,-780000,-2436,220,-2668
1781646816545,2.4182435138726532,,0,0,0,0,0,0,1,0,0,0,25.4560635,-86.9821419,0,NoFix,649522688,0,0,251621300,661946,861.8204948117615,91388.17262666127,47.19833352416754,0,-240096,-961360,4436250,253750,-1330000,0,0,-780000,-2488,225,-2631
1781646817030,2.2611281214761902,,0,0,0,0,0,0,1,0,0,0,25.454720599999998,-86.9809702,0,NoFix,649522688,0,0,251621600,662446,862.2732228327632,91383.16815511759,47.21593129634857,-3904,7808,-976000,-910000,-647500,883750,0,0,-780000,-2442,234,-2617
1781646817546,1.5726902519179475,,0,0,0,0,0,0,1,0,0,0,24.0895376,-86.51998499999999,0,NoFix,649522688,0,0,251622200,662946,863.423780638631,91370.45084657574,47.21593129634857,1952,9760,-957456,-1365000,-1102500,1321250,0,0,-780000,-2464,235,-2649
1781646818031,2.182571599470748,,0,0,0,0,0,0,1,0,0,0,25.4497963,-86.9766744,0,NoFix,649522688,0,0,251622700,663446,862.1161095718594,91384.90486552502,47.22473015449941,-15616,7808,-960384,3106250,3403750,2651250,0,0,-780000,-2445,230,-2655
1781646818518,2.8710705185292227,,0,0,0,0,0,0,1,0,0,0,26.809312,-87.4443411,0,NoFix,649522752,0,0,251623300,663946,862.8831359865079,91376.42650424675,47.22473015449941,-248880,16592,-975024,4007500,245000,910000,0,0,-780000,-2424,254,-2620
1781646819028,1.9469067302266012,,0,0,0,0,0,0,1,0,0,0,25.4448713,-86.9723789,0,NoFix,649522752,0,0,251623800,664446,862.4996157185769,91380.66568334808,47.22473015449941,-20496,12688,-966240,-1373750,-201250,-918750,0,0,-780000,-2407,222,-2606
1781646819544,2.8710705185292227,,0,0,0,0,0,0,1,0,0,0,25.4430803,-86.970817,0,NoFix,649522752,0,0,251624300,664946,862.7260278561578,91378.16305424721,47.2335289940238,-976,-5856,-963312,-901250,253750,4033750,0,0,-780000,-2423,200,-2657
1781646820030,2.7139633878778113,,0,0,0,0,0,0,1,0,0,0,26.802361899999998,-87.4378151,0,NoFix,649522752,0,0,251624800,665446,863.1095632461946,91373.9238019678,47.2335289940238,976,13664,-970144,3561250,1601250,883750,0,0,-780000,-2431,214,-2633
1781646820517,1.9469067302266012,,0,0,0,0,0,0,1,0,0,0,26.800189699999997,-87.4357759,0,NoFix,649522752,0,0,251625300,665947,863.188116420133,91373.05556608163,47.22912957658991,-976,-5856,-967216,1758750,-201250,-446250,0,0,-780000,-2444,215,-2636
1781646821002,2.25187510684259,,0,0,0,0,0,0,1,0,0,0,25.4368107,-86.9653507,0,NoFix,649522752,0,0,251625600,666447,863.1095632461946,91373.9238019678,47.2335289940238,-8784,16592,-973072,3543750,-1995000,883750,0,0,-780000,-2436,213,-2618
1781646821512,1.484845693194984,,0,0,0,0,0,0,1,0,0,0,25.434123399999997,-86.9630081,0,NoFix,649522752,0,0,251626200,666947,862.8739084210647,91376.52849777656,47.246727218385786,-23424,8784,-976000,2660000,-1995000,1321250,0,0,-780000,-2444,187,-2632
1781646822029,2.3997585199269906,,0,0,0,0,0,0,1,0,0,0,25.4318839,-86.9610561,0,NoFix,649522752,0,0,251626700,667447,862.4903715315256,91380.7678644354,47.246727218385786,-3904,3904,-963312,-455000,-1093750,0,0,0,-1560000,-2448,208,-2658
1781646822514,2.478308562747884,,0,0,0,0,0,0,1,0,0,0,25.429644099999997,-86.95910409999999,0,NoFix,649522752,0,0,251627200,667947,862.7168091182027,91378.26495177286,47.255526011344045,-10736,7808,-948672,3543750,3386250,2213750,0,780000,-1560000,-2435,226,-2653
1781646823000,2.3997585199269906,,0,0,0,0,0,0,1,0,0,0,25.4274043,-86.9571522,0,NoFix,649522752,0,0,251627700,668447,862.638260640936,91379.13317580768,47.259925400838256,10736,12688,-958432,-3141250,2047500,883750,0,0,-780000,-2418,234,-2639
1781646823486,2.3212092598859044,,0,0,0,0,0,0,1,0,0,0,25.4256122,-86.9555908,0,NoFix,649522752,0,0,251628100,668947,863.1003611310445,91374.02551193727,47.255526011344045,-4880,2928,-982832,2231250,-3342500,17500,0,0,-780000,-2419,229,-2591
1781646824026,1.7020267878323239,,0,0,0,0,0,0,1,0,0,0,24.0581815,-86.4945845,0,NoFix,649522752,0,0,251628800,669447,862.7168091182027,91378.26495177286,47.255526011344045,-9760,5856,-962336,-463750,1146250,-2240000,0,0,-1560000,-2446,223,-2620
1781646824513,2.6262132952791717,,0,0,0,0,0,0,1,0,0,0,24.0558749,-86.4927173,0,NoFix,649522816,0,0,251629300,669947,863.248287184168,91372.39051259936,47.26872416585684,-20496,10736,-969168,1758750,-1986250,-446250,0,0,-780000,-2410,218,-2640
1781646824997,2.1641130881298523,,0,0,0,0,0,0,1,0,0,0,22.5852097,-86.0094862,0,NoFix,649522816,0,0,251629600,670447,863.1697420548325,91373.25865445535,47.27312354138121,-27328,22448,-936960,883750,1601250,-446250,0,0,-1560000,-2446,220,-2659
1781646825483,2.312029213169126,,0,0,0,0,0,0,1,0,0,0,24.052184,-86.48973,0,NoFix,649522880,0,0,251630100,670947,862.7861739178632,91377.49824371838,47.27312354138121,-16592,19520,-952576,-901250,-1093750,883750,0,0,-780000,-2418,233,-2620
1781646826000,3.305693157341807,,0,0,0,0,0,0,1,0,0,0,22.5804549,-86.00592859999999,0,NoFix,649522880,0,0,251630600,671447,862.3240745596213,91382.60605218793,47.27752291224897,976,0,-938912,1330000,2502500,-1356250,0,0,-780000,-2436,225,-2662
1781646826509,2.154941868719675,,0,0,0,0,0,0,1,0,0,0,22.5776018,-86.0037942,0,NoFix,649522880,0,0,251631200,671947,862.9341113633885,91375.86306816684,47.28632164001465,9760,17568,-956480,-910000,-2450000,-446250,0,0,-780000,-2451,207,-2622
1781646826996,2.154941868719675,,0,0,0,0,0,0,1,0,0,0,21.3177965,-85.5984742,0,NoFix,649522816,0,0,251631600,672447,862.4719992289573,91380.97094388203,47.29072099691257,-6832,246928,-982832,3990000,700000,2213750,0,0,-1560000,-2428,227,-2656
1781646827481,2.459969506774314,,0,0,0,0,0,0,1,0,0,0,22.572370499999998,-85.9998813,0,NoFix,649522816,0,0,251632300,672947,863.6227520169477,91368.2517278167,47.29072099691257,18544,2928,-956480,-17500,-4226250,0,0,0,-1560000,-2443,281,-2631
1781646827998,2.381428291230918,,0,0,0,0,0,0,1,0,0,0,22.5699924,-85.9981028,0,NoFix,649522816,0,0,251632800,673447,863.5442118009818,91369.11978354161,47.295120349153876,-4880,-10736,-968192,4873750,1601250,910000,780000,0,-780000,-2408,228,-2587
1781646828483,1.45721906250958,,0,0,0,0,0,0,1,0,0,0,22.5680899,-85.99668,0,NoFix,649522880,0,0,251633300,673947,862.6199480667408,91379.33559211153,47.30391903966665,-16592,4880,-981856,3990000,2047500,2651250,0,0,-780000,-2454,250,-2645
1781646828970,1.9193167227766708,,0,0,0,0,0,0,1,0,0,0,21.3080459,-85.5916541,0,NoFix,649522880,0,0,251633600,674447,863.5442118009818,91369.11978354161,47.295120349153876,-27328,-3904,-962336,3106250,-2896250,3543750,0,0,-780000,-2423,233,-2662
1781646829480,2.224348208423976,,0,0,0,0,0,0,1,0,0,0,21.305608,-85.5899493,0,NoFix,649522880,0,0,251634100,674947,862.4628711149563,91381.07184222224,47.31271771155298,3904,9760,-957456,2660000,3850000,-3176250,0,0,-780000,-2416,258,-2597
1781646829967,1.7622372059619238,,0,0,0,0,0,0,1,0,0,0,21.3031699,-85.5882445,0,NoFix,649522880,0,0,251634600,675447,863.3871337172858,91370.85588906176,47.30391903966665,-12688,6832,-973072,1321250,-1093750,-26250,0,0,-780000,-2429,224,-2580
1781646830482,3.758776023726,,0,0,0,0,0,0,1,0,0,0,20.135009699999998,-85.2192329,0,NoFix,649522880,0,0,251635100,675947,863.613673781622,91368.35206351422,47.31271771155298,-238144,-11712,-962336,-3570000,-201250,1793750,0,0,-780000,-2451,244,-2634
1781646830968,2.9129959912381764,,0,0,0,0,0,0,1,0,0,0,18.5841556,-84.7385272,0,NoFix,649522880,0,0,251635600,676447,862.5414091994716,91380.20371815548,47.30831837793812,13664,-11712,-952576,-910000,-1548750,1321250,0,0,-1560000,-2415,239,-2640
1781646831454,2.067271256639515,,0,0,0,0,0,0,1,0,0,0,18.5815914,-84.73697519999999,0,NoFix,649522880,0,0,251636100,676947,863.3871337172858,91370.85588906176,47.30391903966665,-3904,-238144,-953552,4891250,1155000,4033750,0,0,-1560000,-2474,228,-2624
1781646831965,3.3751478764704643,,0,0,0,0,0,0,1,0,0,0,16.9212144,-84.23252289999999,0,NoFix,649522880,0,0,251636700,677447,862.5414091994716,91380.20371815548,47.30831837793812,-5856,-246928,-962336,1330000,-647500,463750,0,0,-1560000,-2443,226,-2578
1781646832480,4.063881933564517,,0,0,0,0,0,0,1,0,0,0,16.2232997,-84.0230416,0,NoFix,649522880,0,0,251637200,677947,863.1515224623137,91373.46003251558,47.31711704051122,1952,17568,-960384,-1347500,-6046250,-892500,0,0,-1560000,-2432,231,-2636
1781646832966,2.067271256639515,,0,0,0,0,0,0,1,0,0,0,15.142415799999998,-83.7023083,0,NoFix,649522880,0,0,251637500,678447,863.308595849555,91371.72393885667,47.30831837793812,-4880,-6832,-961360,-1356250,253750,-892500,0,780000,-780000,-2421,247,-2684
1781646833452,1.6051608201926229,,0,0,0,0,0,0,1,0,0,0,15.139697799999999,-83.7009393,0,NoFix,649522880,0,0,251638000,678947,861.695739970055,91389.55171007308,47.31271771155298,4880,13664,-955504,-1820000,-1548750,883750,0,0,-780000,-2425,260,-2673
1781646833937,2.7559226039968507,,0,0,0,0,0,0,1,0,0,0,15.136979799999999,-83.69957029999999,0,NoFix,649522880,0,0,251638500,679447,862.2363764313029,91383.57544824996,47.30391903966665,-13664,12688,-958432,-4908750,-1093750,1321250,0,0,-780000,-2441,234,-2690
1781646834478,2.8344589062470504,,0,0,0,0,0,0,1,0,0,0,16.908016399999998,-84.2252116,0,NoFix,649522880,0,0,251639200,679947,863.3871337172858,91370.85588906176,47.30391903966665,-10736,28304,-966240,-1347500,1601250,4943750,0,0,-1560000,-2434,228,-2642
1781646834964,2.302887858451527,,0,0,0,0,0,0,1,0,0,0,18.563125499999998,-84.72580169999999,0,NoFix,649522880,0,0,251639700,680447,862.8464578760721,91376.83191291064,47.31271771155298,246928,20496,-961360,2196250,3403750,3981250,0,0,-780000,-2477,280,-2714
1781646835450,3.2966105085213258,,0,0,0,0,0,0,1,0,0,0,18.5605604,-84.72425,0,NoFix,649522944,0,0,251640200,680947,862.5414091994716,91380.20371815548,47.30831837793812,-6832,2928,-959408,-2686250,2056250,0,0,780000,-780000,-2486,231,-2655
1781646835935,2.067271256639515,,0,0,0,0,0,0,1,0,0,0,18.5585082,-84.7230087,0,NoFix,649522944,0,0,251640700,681447,863.3871337172858,91370.85588906176,47.30391903966665,-16592,-7808,-971120,-3570000,-1548750,2703750,0,0,-780000,-2471,220,-2675
1781646836452,2.224348208423976,,0,0,0,0,0,0,1,0,0,0,20.1045893,-85.19924999999999,0,NoFix,649522944,0,0,251641200,681947,863.613673781622,91368.35206351422,47.31271771155298,-8784,6832,-979904,-463750,-638750,1321250,0,0,-780000,-2461,179,-2621
1781646836962,2.224348208423976,,0,0,0,0,0,0,1,0,0,0,20.103092699999998,-85.19826739999999,0,NoFix,649522944,0,0,251641500,682448,861.695739970055,91389.55171007308,47.31271771155298,12688,976,-970144,-8750,1601250,0,0,0,-1560000,-2486,206,-2628
1781646837448,3.2966105085213258,,0,0,0,0,0,0,1,0,0,0,20.1005984,-85.1966298,0,NoFix,649522944,0,0,251642000,682948,863.308595849555,91371.72393885667,47.30831837793812,248880,3904,-958432,-2231250,1601250,-446250,0,0,-1560000,-2466,230,-2643
1781646837933,1.45721906250958,,0,0,0,0,0,0,1,0,0,0,22.7263973,-86.0290342,0,NoFix,649522944,0,0,251642500,683448,862.6199480667408,91379.33559211153,47.30391903966665,244976,7808,-956480,-5390000,1155000,-1356250,0,0,-780000,-2432,236,-2670
1781646838449,3.758776023726,,0,0,0,0,0,0,1,0,0,0,22.7240261,-86.0272449,0,NoFix,649523008,0,0,251643100,683948,862.6199480667408,91379.33559211153,47.30391903966665,-18544,6832,-961360,2213750,3850000,0,0,0,-780000,-2465,247,-2681
1781646838936,2.9129959912381764,,0,0,0,0,0,0,1,0,0,0,21.2597512,-85.557908,0,NoFix,649522944,0,0,251643500,684448,862.5414091994716,91380.20371815548,47.30831837793812,-21472,-247904,-962336,-1347500,253750,1793750,-780000,0,-780000,-2465,200,-2679
1781646839446,2.145809341154745,,0,0,0,0,0,0,1,0,0,0,23.9875354,-86.43747859999999,0,NoFix,649522944,0,0,251644100,684948,863.308595849555,91371.72393885667,47.30831837793812,2928,976,-975024,-2695000,-1111250,0,0,0,-780000,-2462,197,-2662
1781646839933,2.8344589062470504,,0,0,0,0,0,0,1,0,0,0,22.5138319,-85.9561478,0,NoFix,649523008,0,0,251644600,685448,863.7707477347873,91366.61604215005,47.30391903966665,-19520,19520,-960384,2222500,-1995000,883750,0,0,-780000,-2479,217,-2614
1781646840418,2.8344589062470504,,0,0,0,0,0,0,1,0,0,0,22.510974299999997,-85.9540154,0,NoFix,649523008,0,0,251645200,685948,863.613673781622,91368.35206351422,47.31271771155298,244000,-1952,-961360,-901250,1155000,-2222500,0,0,-780000,-2436,208,-2680
1781646840934,1.9101974358712823,,0,0,0,0,0,0,1,0,0,0,19.680044499999997,-85.0600923,0,NoFix,649523008,0,0,251645500,686448,863.072986942805,91374.32807637921,47.32151636481285,-3904,18544,-976976,-1785000,-201250,-892500,0,0,-780000,-2482,218,-2709
1781646841420,3.3660995102028437,,0,0,0,0,0,0,1,0,0,0,20.9209888,-85.44659229999999,0,NoFix,649523008,0,0,251645900,686948,862.3843338131924,91381.93996431169,47.31711704051122,15616,13664,-964288,4007500,-192500,1793750,0,0,-780000,-2434,245,-2671
1781646841930,2.6773870844881458,,0,0,0,0,0,0,1,0,0,0,20.9180411,-85.44457059999999,0,NoFix,649523008,0,0,251646500,687448,862.3843338131924,91381.93996431169,47.31711704051122,-14640,10736,-948672,-901250,3850000,1793750,0,0,-780000,-2445,211,-2622
1781646842416,1.831661699613278,,0,0,0,0,0,0,1,0,0,0,20.9155847,-85.4428859,0,NoFix,649523008,0,0,251647000,687948,863.2995352680988,91371.82408251765,47.33031499944627,-242048,-9760,-950624,2240000,-1548750,-446250,0,0,-780000,-2476,228,-2635
1781646842932,2.4417852223956515,,0,0,0,0,0,0,1,0,0,0,19.669988099999998,-85.0536343,0,NoFix,649523008,0,0,251647500,688448,862.1487266044306,91384.54431871437,47.33031499944627,-30256,13664,-966240,-1811250,-2450000,1767500,0,0,-780000,-2453,251,-2657
1781646843418,1.7531267461138214,,0,0,0,0,0,0,1,0,0,0,20.9106713,-85.4395167,0,NoFix,649523008,0,0,251648000,688948,862.9159182520026,91376.06415817418,47.33031499944627,11712,16592,-948672,-892500,-1995000,0,0,780000,-780000,-2484,205,-2710
1781646843904,1.7531267461138214,,0,0,0,0,0,0,1,0,0,0,22.4947777,-85.9419334,0,NoFix,649523072,0,0,251648700,689448,862.9159182520026,91376.06415817418,47.33031499944627,-4880,32208,-953552,1767500,-192500,883750,0,0,-780000,-2464,174,-2662
1781646844414,1.517526582111259,,0,0,0,0,0,0,1,0,0,0,22.4919188,-85.9398016,0,NoFix,649523072,0,0,251649200,689948,862.8373850807125,91376.93219610513,47.334714309778064,-976,-2928,-969168,-4042500,-638750,-446250,0,0,-780000,-2463,192,-2665
1781646844930,2.4417852223956515,,0,0,0,0,0,0,1,0,0,0,22.490965799999998,-85.93909099999999,0,NoFix,649523072,0,0,251649400,690448,863.5261028531323,91369.31993132617,47.33911361545324,0,0,-966240,892500,2931250,1321250,0,0,-780000,-2436,215,-2669
1781646845416,2.8254027382342883,,0,0,0,0,0,0,1,0,0,0,22.4881067,-85.9369593,0,NoFix,649523072,0,0,251650000,690948,863.4475722467839,91370.18788905437,47.34351291647181,976,22448,-954528,-8750,2056250,3587500,0,0,-780000,-2441,217,-2615
1781646845901,2.363252833842239,,0,0,0,0,0,0,1,0,0,0,21.2255738,-85.53406,0,NoFix,649523072,0,0,251650500,691448,863.5261028531323,91369.31993132617,47.33911361545324,-246928,9760,-964288,-481250,3850000,-1330000,0,0,-1560000,-2463,265,-2669
1781646846388,3.130502994815515,,0,0,0,0,0,0,1,0,0,0,22.686069999999997,-85.9986254,0,NoFix,649523072,0,0,251651000,691948,862.8373850807125,91376.93219610513,47.334714309778064,2928,10736,-965264,-446250,1155000,1767500,0,0,-780000,-2435,219,-2650
1781646846927,3.2090343838873423,,0,0,0,0,0,0,1,0,0,0,22.6832219,-85.9964796,0,NoFix,649523072,0,0,251651600,692448,863.1424707077362,91373.5600801544,47.33911361545324,-7808,1952,-969168,-2686250,-1522500,2213750,0,0,-1560000,-2418,231,-2592
1781646847414,3.130502994815515,,0,0,0,0,0,0,1,0,0,0,22.680848299999997,-85.9946915,0,NoFix,649523072,0,0,251652200,692948,861.9916590456759,91386.28054509332,47.33911361545324,-4880,16592,-962336,-4900000,708750,-892500,0,0,-780000,-2456,222,-2583
1781646847900,2.6683397433316713,,0,0,0,0,0,0,1,0,0,0,21.497113,-85.6156955,0,NoFix,649523072,0,0,251652700,693448,862.9854092782921,91375.29606987961,47.34791221283376,-8784,10736,-972096,-8750,708750,1793750,0,0,-780000,-2470,222,-2642
1781646848385,3.130502994815515,,0,0,0,0,0,0,1,0,0,0,21.2123846,-85.5248644,0,NoFix,649523072,0,0,251653200,693948,861.9916590456759,91386.28054509332,47.33911361545324,-6832,13664,-967216,1785000,-1093750,-472500,0,0,-1560000,-2444,201,-2610
1781646848901,2.9734425648431397,,0,0,0,0,0,0,1,0,0,0,21.209941699999998,-85.5231617,0,NoFix,649523072,0,0,251653700,694448,862.6803210863415,91378.66826603333,47.34351291647181,3904,-10736,-946720,-2677500,2056250,3097500,0,0,-1560000,-2453,192,-2661
1781646849413,3.130502994815515,,0,0,0,0,0,0,1,0,0,0,21.2084759,-85.52214,0,NoFix,649523072,0,0,251654000,694948,863.5261028531323,91369.31993132617,47.33911361545324,6832,-228384,-958432,-901250,1155000,-2660000,0,0,-780000,-2462,205,-2649
1781646849898,2.2847212280246367,,0,0,0,0,0,0,1,0,0,0,21.2055443,-85.5200969,0,NoFix,649523072,0,0,251654600,695448,863.1424707077362,91373.5600801544,47.33911361545324,-5856,-10736,-950624,2660000,245000,0,0,0,-780000,-2454,204,-2634
1781646850384,2.746870849419338,,0,0,0,0,0,0,1,0,0,0,22.4637966,-85.9188432,0,NoFix,649523072,0,0,251655100,695948,862.8373850807125,91376.93219610513,47.334714309778064,-10736,9760,-962336,1330000,-1093750,2651250,0,0,-780000,-2442,230,-2653
1781646850869,3.4356191646324987,,0,0,0,0,0,0,1,0,0,0,21.2006577,-85.51669179999999,0,NoFix,649523072,0,0,251655600,696448,863.1424707077362,91373.5600801544,47.33911361545324,-8784,27328,-960384,-463750,2047500,1767500,0,0,-780000,-2416,255,-2667
1781646851385,2.746870849419338,,0,0,0,0,0,0,1,0,0,0,23.9315721,-86.3923607,0,NoFix,649523072,0,0,251656200,696948,863.1424707077362,91373.5600801544,47.33911361545324,-7808,11712,-961360,-892500,1155000,-446250,0,0,-1560000,-2442,228,-2669
1781646851896,2.520318393685784,,0,0,0,0,0,0,1,0,0,0,23.9292578,-86.39049709999999,0,NoFix,649523072,0,0,251656700,697448,863.4475722467839,91370.18788905437,47.34351291647181,-5856,11712,-965264,4891250,-1531250,0,0,0,-1560000,-2429,211,-2687
1781646852382,2.2847212280246367,,0,0,0,0,0,0,1,0,0,0,23.9269434,-86.3886337,0,NoFix,649523136,0,0,251657200,697948,863.1424707077362,91373.5600801544,47.33911361545324,-10736,245952,-956480,4007500,708750,2213750,0,0,-1560000,-2452,188,-2674
1781646852868,2.363252833842239,,0,0,0,0,0,0,1,0,0,0,23.9241659,-86.3863976,0,NoFix,649523136,0,0,251657800,698449,863.1424707077362,91373.5600801544,47.33911361545324,3904,-5856,-965264,2668750,-192500,-1776250,0,0,-780000,-2473,214,-2685
1781646853383,3.0519723884671066,,0,0,0,0,0,0,1,0,0,0,22.6528304,-85.9735962,0,NoFix,649523136,0,0,251658000,698949,862.9854092782921,91375.29606987961,47.34791221283376,-2928,24400,-957456,-6238750,-1540000,-3552500,0,0,-780000,-2442,209,-2697
1781646853870,3.130502994815515,,0,0,0,0,0,0,1,0,0,0,23.9209252,-86.3837889,0,NoFix,649523136,0,0,251658600,699449,863.6046342422042,91368.45197162019,47.334714309778064,7808,12688,-970144,-6247500,-1995000,910000,0,0,-780000,-2396,213,-2731
1781646854380,3.2090343838873423,,0,0,0,0,0,0,1,0,0,0,22.647604599999998,-85.9696641,0,NoFix,649523200,0,0,251659100,699949,863.1424707077362,91373.5600801544,47.33911361545324,-1952,18544,-976976,-4900000,2056250,437500,0,0,-780000,-2368,192,-2643
1781646854866,1.5960591873590602,,0,0,0,0,0,0,1,0,0,0,22.645229099999998,-85.9678769,0,NoFix,649523200,0,0,251659600,700449,863.1424707077362,91373.5600801544,47.33911361545324,-14640,-976,-962336,-910000,-2450000,0,0,780000,-780000,-2470,212,-2640
1781646855381,2.9039354097819796,,0,0,0,0,0,0,1,0,0,0,23.9130538,-86.3774542,0,NoFix,649523136,0,0,251660200,700949,863.9097491295473,91365.07978557335,47.33911361545324,-15616,6832,-962336,-6685000,-2870000,-2222500,0,0,-780000,-2428,206,-2673
1781646855868,2.363252833842239,,0,0,0,0,0,0,1,0,0,0,25.2792456,-86.8284891,0,NoFix,649523136,0,0,251660700,701449,862.758852692159,91377.80023205823,47.33911361545324,0,-14640,-961360,-8750,-3342500,883750,0,0,-1560000,-2424,233,-2721
1781646856354,2.746870849419338,,0,0,0,0,0,0,1,0,0,0,25.276995799999998,-86.8265421,0,NoFix,649523200,0,0,251661200,701949,862.9854092782921,91375.29606987961,47.34791221283376,-6832,976,-974048,437500,-1995000,1793750,0,0,-780000,-2416,188,-2622
1781646856863,3.0519723884671066,,0,0,0,0,0,0,1,0,0,0,25.2747459,-86.8245951,0,NoFix,649523200,0,0,251661700,702449,863.5261028531323,91369.31993132617,47.33911361545324,-246928,-9760,-960384,0,-1548750,883750,0,0,-780000,-2450,181,-2649
1781646857380,3.0519723884671066,,0,0,0,0,0,0,1,0,0,0,25.273845899999998,-86.8238164,0,NoFix,649523200,0,0,251661900,702949,863.2210025965511,91372.6920823249,47.334714309778064,-3904,-2928,-965264,4917500,-2896250,17500,0,780000,-780000,-2428,195,-2669
1781646857878,2.2847212280246367,,0,0,0,0,0,0,1,0,0,0,25.271145699999998,-86.8214802,0,NoFix,649523200,0,0,251662500,703449,862.758852692159,91377.80023205823,47.33911361545324,13664,16592,-967216,4471250,253750,1321250,0,780000,-1560000,-2433,209,-2668
1781646858351,2.9734425648431397,,0,0,0,0,0,0,1,0,0,0,25.268895399999998,-86.8195334,0,NoFix,649523200,0,0,251663000,703949,863.2119851240747,91372.79175037086,47.35671079158783,247904,-5856,-975024,-8750,-647500,2703750,0,0,-780000,-2438,200,-2666
1781646858837,2.049131106983168,,0,0,0,0,0,0,1,0,0,0,26.6337723,-87.280215,0,NoFix,649523200,0,0,251663500,704449,861.7560635781675,91388.88486982444,47.3523115045391,5856,-246928,-969168,883750,-1995000,1820000,0,0,-780000,-2452,193,-2628
1781646859377,2.127660364596295,,0,0,0,0,0,0,1,0,0,0,25.263944199999997,-86.8152509,0,NoFix,649523200,0,0,251664100,704949,862.8283509797594,91377.03205169208,47.35671079158783,0,3904,-967216,-2240000,-2870000,437500,0,780000,-780000,-2440,209,-2635
1781646859864,2.8949135239400903,,0,0,0,0,0,0,1,0,0,0,25.2612433,-86.8129151,0,NoFix,649523200,0,0,251664700,705449,863.2905133822569,91371.92379857686,47.3523115045391,-27328,23424,-951600,-3123750,-2441250,437500,0,0,-780000,-2427,216,-2644
1781646860350,2.049131106983168,,0,0,0,0,0,0,1,0,0,0,25.2594425,-86.81135789999999,0,NoFix,649523264,0,0,251665100,705949,863.2905133822569,91371.92379857686,47.3523115045391,-3904,-3904,-948672,883750,-3342500,1321250,0,0,-780000,-2436,223,-2662
1781646860836,2.8163852657578445,,0,0,0,0,0,0,1,0,0,0,26.624160399999997,-87.2712701,0,NoFix,649523200,0,0,251665700,706449,863.2905133822569,91371.92379857686,47.3523115045391,-5856,-236192,-974048,-5801250,-3797500,910000,0,0,-780000,-2416,201,-2657
1781646861321,2.9734425648431397,,0,0,0,0,0,0,1,0,0,0,26.623286399999998,-87.270457,0,NoFix,649523200,0,0,251665900,706949,862.8283509797594,91377.03205169208,47.35671079158783,-17568,19520,-954528,-5801250,-1093750,-1776250,0,0,-780000,-2419,187,-2645
1781646861837,2.049131106983168,,0,0,0,0,0,0,1,0,0,0,28.089347699999998,-87.77739439999999,0,NoFix,649523264,0,0,251666500,707449,862.6017902632613,91379.53629803026,47.34791221283376,-18544,16592,-975024,-3123750,-2896250,-446250,0,0,-1560000,-2428,205,-2662
1781646862347,2.5112798793426236,,0,0,0,0,0,0,1,0,0,0,25.2508877,-86.80396209999999,0,NoFix,649523264,0,0,251667000,707949,863.36904242316,91371.05584480465,47.34791221283376,-3904,6832,-969168,-927500,1601250,-2660000,0,780000,-780000,-2424,219,-2634
1781646862833,2.049131106983168,,0,0,0,0,0,0,1,0,0,0,26.6158568,-87.2635462,0,NoFix,649523328,0,0,251667600,708449,861.6775333211574,91389.75297411095,47.35671079158783,-12688,-12688,-981856,-3123750,-1548750,-2222500,0,0,-780000,-2460,208,-2630
1781646863320,1.4389947596072261,,0,0,0,0,0,0,1,0,0,0,26.6136713,-87.2615137,0,NoFix,649523328,0,0,251668100,708949,862.5232602229131,91380.4043280489,47.3523115045391,-9760,-5856,-959408,-883750,253750,411250,0,0,-780000,-2460,212,-2650
1781646863836,2.5112798793426236,,0,0,0,0,0,0,1,0,0,0,26.611485599999998,-87.2594814,0,NoFix,649523264,0,0,251668600,709449,863.36904242316,91371.05584480465,47.34791221283376,-242048,20496,-958432,-472500,708750,437500,0,0,-1560000,-2469,141,-2677
1781646864321,2.8163852657578445,,0,0,0,0,0,0,1,0,0,0,25.2414298,-86.795789,0,NoFix,649523328,0,0,251669100,709949,863.2119851240747,91372.79175037086,47.35671079158783,-3904,-21472,-958432,1356250,-3797500,2213750,0,0,-780000,-2446,185,-2686
1781646864832,2.8163852657578445,,0,0,0,0,0,0,1,0,0,0,23.8695006,-86.34244079999999,0,NoFix,649523328,0,0,251669600,710449,863.2119851240747,91372.79175037086,47.35671079158783,-6832,4880,-950624,883750,708750,-892500,0,0,-1560000,-2426,202,-2649
1781646865318,2.8163852657578445,,0,0,0,0,0,0,1,0,0,0,23.8681098,-86.34132369999999,0,NoFix,649523328,0,0,251669900,710949,862.9068797376594,91376.16406177504,47.3523115045391,-5856,-976,-979904,-901250,682500,2213750,0,0,-780000,-2447,190,-2640
1781646865834,3.278561299580474,,0,0,0,0,0,0,1,0,0,0,25.2355737,-86.7907302,0,NoFix,649523328,0,0,251670400,711449,862.4447309653,91381.27235608904,47.35671079158783,-8784,14640,-958432,-4016250,-4655000,-446250,0,0,-780000,-2441,214,-2620
1781646866320,2.8949135239400903,,0,0,0,0,0,0,1,0,0,0,25.233321,-86.7887846,0,NoFix,649523328,0,0,251670900,711949,863.2119851240747,91372.79175037086,47.35671079158783,-3904,-4880,-971120,883750,-638750,0,0,0,-1560000,-2458,201,-2627
1781646866806,2.4327511214426067,,0,0,0,0,0,0,1,0,0,0,25.2310683,-86.786839,0,NoFix,649523328,0,0,251671400,712449,863.9792958070639,91364.31115695502,47.35671079158783,-236192,-20496,-941840,-1356250,-1093750,-3106250,0,0,-780000,-2455,231,-2661
1781646867316,3.1215065653974534,,0,0,0,0,0,0,1,0,0,0,25.228815299999997,-86.78489359999999,0,NoFix,649523328,0,0,251671900,712949,863.2905133822569,91371.92379857686,47.3523115045391,225456,-18544,-968192,-6247500,-647500,910000,0,780000,-780000,-2440,190,-2611
1781646867831,3.1215065653974534,,0,0,0,0,0,0,1,0,0,0,25.2261116,-86.7825592,0,NoFix,649523328,0,0,251672500,713449,863.5956333994445,91368.55145212522,47.35671079158783,-5856,0,-958432,-2240000,-192500,437500,0,0,-780000,-2450,227,-2604
1781646868318,3.1215065653974534,,0,0,0,0,0,0,1,0,0,0,25.223858399999997,-86.78061389999999,0,NoFix,649523328,0,0,251673000,713949,863.9007693310655,91365.17903052479,47.361110073979944,244976,-6832,-943792,-420000,-1540000,1820000,0,0,-780000,-2429,201,-2660
1781646868804,2.6593310975625855,,0,0,0,0,0,0,1,0,0,0,26.6989679,-87.2764799,0,NoFix,649523328,0,0,251673600,714449,863.1334576486219,91373.65970018637,47.361110073979944,0,26352,-957456,883750,-647500,-1802500,780000,0,-780000,-2417,188,-2671
1781646869288,2.2756959538277215,,0,0,0,0,0,0,1,0,0,0,25.2202529,-86.7775016,0,NoFix,649523328,0,0,251673800,714950,864.2059211783079,91361.8065337759,47.365509351715446,1952,240096,-986736,-4908750,253750,1767500,0,0,-1560000,-2452,216,-2650
1781646869800,2.7378577903050427,,0,0,0,0,0,0,1,0,0,0,26.586557799999998,-87.2363182,0,NoFix,649523328,0,0,251674300,715450,863.281530192784,91372.0230870248,47.37430789321661,2928,244000,-950624,-1347500,-1093750,4033750,0,0,-780000,-2438,215,-2629
1781646870315,2.8074064895868105,,0,0,0,0,0,0,1,0,0,0,25.215294699999998,-86.7732224,0,NoFix,649523328,0,0,251674900,715950,864.0488731392802,91363.54219477845,47.37430789321661,-11712,22448,-974048,3115000,2056250,-3176250,780000,0,-780000,-2419,215,-2687
1781646870801,2.8859303344671616,,0,0,0,0,0,0,1,0,0,0,25.2130407,-86.7712775,0,NoFix,649523392,0,0,251675400,716450,863.6651945992907,91367.78263936393,47.37430789321661,-13664,976,-961360,481250,-1540000,-2222500,0,780000,-780000,-2433,218,-2616
1781646871287,2.8074064895868105,,0,0,0,0,0,0,1,0,0,0,25.2107866,-86.7693326,0,NoFix,649523328,0,0,251675900,716950,863.5866712541144,91368.65050501963,47.37870715698227,7808,-7808,-952576,-892500,1610000,-498750,0,0,-780000,-2401,217,-2585
1781646871773,2.345232153803522,,0,0,0,0,0,0,1,0,0,0,26.576931199999997,-87.22738079999999,0,NoFix,649523328,0,0,251676500,717450,864.2755219051656,91361.03733011182,47.38310641609132,-14640,-3904,-966240,-446250,-2441250,-2660000,0,780000,-780000,-2434,244,-2629
1781646872314,3.1910713957976213,,0,0,0,0,0,0,1,0,0,0,25.206277999999998,-86.7654431,0,NoFix,649523392,0,0,251676900,717950,863.5866712541144,91368.65050501963,47.37870715698227,-11712,8784,-976976,2231250,2038750,437500,0,0,-780000,-2452,212,-2715
1781646872800,2.5022800602475854,,0,0,0,0,0,0,1,0,0,0,26.6819436,-87.2605818,0,NoFix,649523392,0,0,251677500,718450,863.1244832857282,91373.75889260198,47.38310641609132,20496,23424,-965264,-8750,708750,2651250,0,0,-780000,-2420,191,-2660
1781646873286,3.1910713957976213,,0,0,0,0,0,0,1,0,0,0,26.680633699999998,-87.2593591,0,NoFix,649523392,0,0,251677800,718950,862.7408320121203,91377.9994195832,47.38310641609132,-7808,2928,-973072,-1338750,262500,0,0,0,-1560000,-2428,218,-2669
1781646873771,2.345232153803522,,0,0,0,0,0,0,1,0,0,0,26.678887,-87.2577288,0,NoFix,649523392,0,0,251678200,719450,863.281530192784,91372.0230870248,47.37430789321661,-23424,13664,-950624,-1785000,-1986250,2651250,0,0,-1560000,-2431,252,-2625
1781646874288,3.3481188688565453,,0,0,0,0,0,0,1,0,0,0,26.6762667,-87.25528349999999,0,NoFix,649523456,0,0,251678800,719950,864.0488731392802,91363.54219477845,47.37430789321661,976,14640,-965264,-2240000,-3342500,2213750,0,0,-780000,-2406,236,-2587
1781646874798,2.5022800602475854,,0,0,0,0,0,0,1,0,0,0,28.270572899999998,-87.8051235,0,NoFix,649523392,0,0,251679400,720450,864.0488731392802,91363.54219477845,47.37430789321661,-3904,7808,-965264,4891250,3403750,1321250,0,0,-780000,-2447,241,-2616
1781646875284,3.2695947409738437,,0,0,0,0,0,0,1,0,0,0,28.268888099999998,-87.80341,0,NoFix,649523392,0,0,251679800,720950,863.8222436377623,91366.04690211636,47.365509351715446,-5856,18544,-961360,1776250,-638750,0,0,0,-780000,-2460,239,-2621
1781646875770,2.2756959538277215,,0,0,0,0,0,0,1,0,0,0,28.266360799999998,-87.8008397,0,NoFix,649523392,0,0,251680400,721450,863.8222436377623,91366.04690211636,47.365509351715446,241072,3904,-956480,1785000,-647500,437500,0,0,-780000,-2447,238,-2630
1781646876285,1.8135480305543297,,0,0,0,0,0,0,1,0,0,0,28.264254599999997,-87.7986979,0,NoFix,649523456,0,0,251680900,721950,863.5956333994445,91368.55145212522,47.35671079158783,1952,28304,-964288,-2231250,-2441250,0,0,0,-1560000,-2458,228,-2663
1781646876772,2.5898094199752677,,0,0,0,0,0,0,1,0,0,0,31.308588,-88.89919909999999,0,NoFix,649523456,0,0,251681500,722450,862.5232602229131,91380.4043280489,47.3523115045391,-32208,15616,-948672,-26250,2056250,1793750,0,0,-780000,-2464,196,-2654
1781646877282,2.5112798793426236,,0,0,0,0,0,0,1,0,0,0,29.9879587,-88.4117843,0,NoFix,649523456,0,0,251681700,722950,863.36904242316,91371.05584480465,47.34791221283376,-13664,4880,-950624,2677500,4278750,2213750,0,0,-780000,-2463,247,-2642
1781646877768,2.9734425648431397,,0,0,0,0,0,0,1,0,0,0,31.3058497,-88.8959059,0,NoFix,649523456,0,0,251682200,723450,862.2181853768707,91383.77652925673,47.34791221283376,-1952,20496,-983808,1330000,253750,-1330000,0,0,-1560000,-2439,209,-2663
1781646878284,3.0519723884671066,,0,0,0,0,0,0,1,0,0,0,31.3038936,-88.8935537,0,NoFix,649523456,0,0,251682700,723950,863.1424707077362,91373.5600801544,47.33911361545324,-1952,7808,-964288,-2240000,-1093750,0,0,0,-780000,-2402,231,-2634
1781646878770,2.363252833842239,,0,0,0,0,0,0,1,0,0,0,34.2994303,-90.0504538,0,NoFix,649523456,0,0,251683400,724450,862.9159182520026,91376.06415817418,47.33031499944627,-14640,12688,-957456,2231250,1610000,3097500,0,0,-780000,-2429,218,-2653
1781646879256,3.2090343838873423,,0,0,0,0,0,0,1,0,0,0,31.299197999999997,-88.88790879999999,0,NoFix,649523520,0,0,251683900,724950,862.9159182520026,91376.06415817418,47.33031499944627,-9760,2928,-977952,-2686250,-1548750,4033750,0,0,-780000,-2429,230,-2639
1781646879766,2.5988523477158196,,0,0,0,0,0,0,1,0,0,0,31.2972412,-88.88555699999999,0,NoFix,649523520,0,0,251684400,725450,864.0668116908975,91363.34394043095,47.33031499944627,-14640,11712,-954528,5337500,-192500,0,0,0,-1560000,-2432,217,-2642
1781646880252,2.067271256639515,,0,0,0,0,0,0,1,0,0,0,32.5013635,-89.33937859999999,0,NoFix,649523520,0,0,251685000,725950,863.072986942805,91374.32807637921,47.32151636481285,-10736,-2928,-976976,-892500,-1540000,3543750,0,0,-780000,-2456,241,-2671
1781646880767,2.8344589062470504,,0,0,0,0,0,0,1,0,0,0,31.2933271,-88.8808536,0,NoFix,649523520,0,0,251685400,726450,863.308595849555,91371.72393885667,47.30831837793812,-6832,-1952,-967216,-1338750,-2441250,-446250,0,0,-780000,-2420,206,-2711
1781646881254,2.145809341154745,,0,0,0,0,0,0,1,0,0,0,31.2921527,-88.8794427,0,NoFix,649523520,0,0,251685700,726950,862.6199480667408,91379.33559211153,47.30391903966665,243024,9760,-953552,-3123750,-1995000,-3596250,0,0,-780000,-2419,200,-2682
1781646881739,2.9129959912381764,,0,0,0,0,0,0,1,0,0,0,31.2898037,-88.87662089999999,0,NoFix,649523520,0,0,251686300,727450,864.1543758820428,91362.37619831356,47.30391903966665,4880,245952,-977952,3998750,2056250,-472500,0,0,-780000,-2443,213,-2689
1781646882249,3.1486119426649566,,0,0,0,0,0,0,1,0,0,0,31.2878461,-88.87426959999999,0,NoFix,649523520,0,0,251686800,727950,864.006364535067,91364.01199527906,47.29072099691257,15616,31232,-971120,-3596250,708750,3150000,0,0,-780000,-2451,221,-2660
1781646882765,3.1486119426649566,,0,0,0,0,0,0,1,0,0,0,33.1187087,-89.56994209999999,0,NoFix,649523520,0,0,251687300,728450,862.7770281495477,91377.59933409268,47.295120349153876,-10736,4880,-971120,-2240000,708750,-472500,0,0,-780000,-2457,262,-2648
1781646883251,3.227152158630929,,0,0,0,0,0,0,1,0,0,0,33.116469099999996,-89.5669588,0,NoFix,649523520,0,0,251687900,728950,862.5505417270365,91380.10277180576,47.28632164001465,-8784,-8784,-957456,3552500,4751250,2213750,0,0,-780000,-2425,243,-2713
1781646883738,2.312029213169126,,0,0,0,0,0,0,1,0,0,0,33.1146025,-89.5644729,0,NoFix,649523520,0,0,251688400,729450,863.7012930156586,91367.3836701155,47.28632164001465,-976,-6832,-969168,-2240000,-4698750,-892500,0,780000,-780000,-2457,215,-2720
1781646884223,2.5385115050717104,,0,0,0,0,0,0,1,0,0,0,33.1123623,-89.5614899,0,NoFix,649523520,0,0,251689000,729950,863.248287184168,91372.39051259936,47.26872416585684,-976,9760,-954528,2213750,2056250,0,0,0,-780000,-2435,227,-2676
1781646884764,2.4691196886851685,,0,0,0,0,0,0,1,0,0,0,35.0846015,-90.3451956,0,NoFix,649523584,0,0,251689500,730450,862.4811660347286,91380.86961794994,47.26872416585684,21472,-6832,-956480,1330000,2957500,2651250,0,0,-780000,-2436,236,-2667
1781646885250,2.852687325851207,,0,0,0,0,0,0,1,0,0,0,33.851790799999996,-89.8489881,0,NoFix,649523584,0,0,251689700,730950,862.864719547002,91376.63006373688,47.26872416585684,-28304,8784,-957456,-1347500,-192500,3097500,0,0,-780000,-2453,242,-2653
1781646885736,2.2426607826191685,,0,0,0,0,0,0,1,0,0,0,35.0821268,-90.34150129999999,0,NoFix,649523584,0,0,251690200,731451,862.638260640936,91379.13317580768,47.259925400838256,-15616,6832,-950624,2213750,253750,883750,0,0,-780000,-2410,277,-2686
1781646886222,2.3212092598859044,,0,0,0,0,0,0,1,0,0,0,37.205954399999996,-91.23112929999999,0,NoFix,649523584,0,0,251690700,731951,863.021813153596,91374.89369784614,47.259925400838256,0,13664,-976976,-1347500,-4243750,3150000,0,0,-780000,-2409,236,-2684
1781646886738,2.7047612727276373,,0,0,0,0,0,0,1,0,0,0,37.2039627,-91.2277527,0,NoFix,649523584,0,0,251691300,732451,862.3332712290265,91382.50439468406,47.255526011344045,19520,243024,-957456,-3570000,1155000,4873750,0,0,-780000,-2431,220,-2658
1781646887248,1.632697863665726,,0,0,0,0,0,0,1,0,0,0,37.202302599999996,-91.2249389,0,NoFix,649523584,0,0,251691900,732951,862.0282977219825,91385.87553840832,47.25112661719322,-4880,17568,-966240,-1793750,-638750,3981250,0,0,-780000,-2427,202,-2677
1781646887735,2.3212092598859044,,0,0,0,0,0,0,1,0,0,0,35.0743466,-90.3298921,0,NoFix,649523584,0,0,251692400,733451,862.7953583782438,91377.39672576245,47.25112661719322,-976,29280,-961360,2660000,-2896250,0,0,780000,-1560000,-2417,228,-2625
1781646888220,2.1733229986316474,,0,0,0,0,0,0,1,0,0,0,31.813827099999997,-89.0513672,0,NoFix,649523584,0,0,251692900,733951,862.8739084210647,91376.52849777656,47.246727218385786,-6832,-248880,-972096,1321250,3403750,-3990000,0,780000,-1560000,-2456,233,-2695
1781646888735,2.3997585199269906,,0,0,0,0,0,0,1,0,0,0,33.0959259,-89.5396195,0,NoFix,649523584,0,0,251693400,734451,862.3332712290265,91382.50439468406,47.255526011344045,0,2928,-961360,4436250,3850000,-1356250,0,0,-780000,-2457,238,-2650
1781646889222,2.7047612727276373,,0,0,0,0,0,0,1,0,0,0,31.810734699999998,-89.04754369999999,0,NoFix,649523648,0,0,251693700,734951,862.3332712290265,91382.50439468406,47.255526011344045,-248880,-9760,-964288,-472500,-3342500,437500,0,0,-780000,-2435,250,-2667
1781646889732,2.3997585199269906,,0,0,0,0,0,0,1,0,0,0,31.8088016,-89.04515409999999,0,NoFix,649523584,0,0,251694200,735451,863.5624755291389,91368.91792541875,47.25112661719322,-8784,-9760,-977952,-3123750,2502500,-1776250,0,0,-780000,-2454,243,-2662
1781646890218,3.2454247139730796,,0,0,0,0,0,0,1,0,0,0,31.8068684,-89.04276469999999,0,NoFix,649523584,0,0,251694700,735951,862.7168091182027,91378.26495177286,47.255526011344045,9760,-3904,-968192,1321250,-1995000,1321250,0,0,-780000,-2455,232,-2632
1781646890704,2.478308562747884,,0,0,0,0,0,0,1,0,0,0,33.0888236,-89.5301782,0,NoFix,649523584,0,0,251695300,736451,863.4839272687489,91369.78607517712,47.255526011344045,-10736,13664,-948672,2213750,-2450000,-892500,0,0,-780000,-2461,226,-2680
1781646891220,2.3997585199269906,,0,0,0,0,0,0,1,0,0,0,33.0869541,-89.5276939,0,NoFix,649523584,0,0,251695800,736951,862.8739084210647,91376.52849777656,47.246727218385786,13664,4880,-962336,-3578750,2948750,-1330000,0,0,-780000,-2448,209,-2673
1781646891705,2.1733229986316474,,0,0,0,0,0,0,1,0,0,0,31.800293999999997,-89.03464129999999,0,NoFix,649523584,0,0,251696400,737451,862.9524592466591,91375.66026781544,47.24232781492174,-3904,9760,-944768,-936250,3850000,1767500,0,0,-780000,-2450,232,-2694
1781646892190,4.012597369373793,,0,0,0,0,0,0,1,0,0,0,31.248654,-88.8272642,0,NoFix,649523648,0,0,251696800,737951,862.4903715315256,91380.7678644354,47.246727218385786,976,-2928,-952576,1767500,2030000,-1330000,0,0,-1560000,-2441,213,-2675
1781646892702,1.7898007313618791,,0,0,0,0,0,0,1,0,0,0,29.9239915,-88.3404463,0,NoFix,649523648,0,0,251697500,738451,862.9524592466591,91375.66026781544,47.24232781492174,4880,9760,-979904,-2686250,708750,-1776250,0,0,-1560000,-2408,226,-2672
1781646893217,3.0975129015400853,,0,0,0,0,0,0,1,0,0,0,29.9231807,-88.3395439,0,NoFix,649523648,0,0,251697700,738951,863.4931127598569,91369.68455276373,47.2335289940238,-15616,0,-965264,-2257500,1155000,-1356250,0,0,-780000,-2468,228,-2749
1781646893703,3.323974539888468,,0,0,0,0,0,0,1,0,0,0,29.9211535,-88.337288,0,NoFix,649523648,0,0,251698200,739451,863.7981250068893,91366.31346429313,47.237928406801075,-3904,-234240,-943792,-17500,1601250,883750,0,0,-780000,-2451,217,-2699
1781646894189,1.9469067302266012,,0,0,0,0,0,0,1,0,0,0,28.4681382,-87.81984469999999,0,NoFix,649523648,0,0,251698700,739951,863.4145608685515,91370.55274854848,47.237928406801075,-10736,10736,-960384,437500,3850000,1321250,0,0,-780000,-2428,213,-2683
1781646894675,2.7139633878778113,,0,0,0,0,0,0,1,0,0,0,28.7996502,-87.93419089999999,0,NoFix,649523648,0,0,251699400,740451,862.3425065885434,91382.4023096022,47.2335289940238,976,15616,-956480,875000,-201250,883750,0,0,-780000,-2444,225,-2699
1781646895216,2.792516561816228,,0,0,0,0,0,0,1,0,0,0,28.7979842,-87.9324474,0,NoFix,649523712,0,0,251699800,740951,862.4996157185769,91380.66568334808,47.22473015449941,-11712,5856,-951600,-1347500,-2450000,1321250,0,0,-780000,-2453,201,-2666
1781646895701,2.1040158602601196,,0,0,0,0,0,0,1,0,0,0,26.8640248,-87.2630375,0,NoFix,649523712,0,0,251700300,741451,862.4996157185769,91380.66568334808,47.22473015449941,-14640,10736,-971120,-455000,-192500,883750,0,0,-780000,-2448,260,-2644
1781646896187,2.566091367551735,,0,0,0,0,0,0,1,0,0,0,26.8614127,-87.26057469999999,0,NoFix,649523712,0,0,251700900,741951,862.8138433721895,91377.19240714372,47.20713241957128,-21472,7808,-966240,-17500,-201250,-3106250,0,0,-780000,-2441,222,-2650
1781646896674,1.8776229744463535,,0,0,0,0,0,0,1,0,0,0,26.8592357,-87.2585225,0,NoFix,649523712,0,0,251701400,742451,862.7352852845918,91378.06072915644,47.21153186028823,-4880,-6832,-955504,1767500,2056250,1767500,0,780000,-780000,-2438,200,-2644
1781646897190,2.801761782361268,,0,0,0,0,0,0,1,0,0,0,26.857929499999997,-87.25729129999999,0,NoFix,649523712,0,0,251701700,742951,863.3544791645124,91371.21680685836,47.19833352416754,-10736,-3904,-962336,1321250,-2896250,3097500,0,0,-1560000,-2465,206,-2664
1781646897700,2.575362037464288,,0,0,0,0,0,0,1,0,0,0,26.8557523,-87.25523919999999,0,NoFix,649523712,0,0,251702200,743451,863.3544791645124,91371.21680685836,47.19833352416754,-8784,13664,-963312,-2695000,253750,-892500,0,0,-1560000,-2431,181,-2578
1781646898186,2.42754404593245,,0,0,0,0,0,0,1,0,0,0,25.0897515,-86.66519369999999,0,NoFix,649523712,0,0,251702700,743951,862.7445814027639,91377.95797650988,47.18953461013734,-2928,2928,-980880,3543750,-647500,-3552500,0,0,-780000,-2422,210,-2673
1781646898671,2.1226203021385572,,0,0,0,0,0,0,1,0,0,0,25.087489299999998,-86.6632528,0,NoFix,649523776,0,0,251703300,744451,863.2852083365523,91371.98243361522,47.1807356774807,9760,-1952,-965264,-5810000,2047500,-936250,0,0,-780000,-2440,230,-2672
1781646899157,1.817712459676386,,0,0,0,0,0,0,1,0,0,0,21.3758442,-85.4797906,0,NoFix,649523776,0,0,251703800,744951,862.9802712556439,91375.35286055937,47.176336204167455,-6832,976,-969168,-17500,-1995000,3097500,0,780000,-780000,-2423,221,-2657
1781646899673,2.4368832670377287,,0,0,0,0,0,0,1,0,0,0,23.315139799999997,-86.0875119,0,NoFix,649523712,0,0,251704400,745451,862.8324831253545,91376.98637831242,47.16313775628805,-7808,2928,-972096,428750,-1995000,1767500,0,780000,-780000,-2417,201,-2658
1781646900184,2.4368832670377287,,0,0,0,0,0,0,1,0,0,0,26.8439926,-87.2441594,0,NoFix,649523776,0,0,251704900,745951,862.2226936023351,91383.72669601999,47.15433876775205,-10736,0,-963312,2642500,2493750,1767500,0,0,-1560000,-2442,188,-2595
1781646900670,2.751158757019425,,0,0,0,0,0,0,1,0,0,0,28.4400019,-87.7909464,0,NoFix,649523776,0,0,251705400,746451,863.6088119736643,91368.40579788086,47.141140250023454,-8784,11712,-976000,428750,-201250,1321250,0,0,-1560000,-2436,237,-2642
1781646901156,2.4462611764403164,,0,0,0,0,0,0,1,0,0,0,26.840943,-87.2412872,0,NoFix,649523776,0,0,251705600,746951,863.2253294448848,91372.64425869827,47.141140250023454,-246928,3904,-982832,-455000,1146250,-1356250,0,0,-780000,-2417,231,-2586
1781646901671,1.3745142581117307,,0,0,0,0,0,0,1,0,0,0,26.6851113,-87.1870924,0,NoFix,649523776,0,0,251706200,747451,863.1561541809888,91373.40883888202,47.123542161192745,-6832,17568,-972096,-918750,-638750,437500,0,0,-780000,-2444,205,-2654
1781646902158,1.5316638308553365,,0,0,0,0,0,0,1,0,0,0,26.682925299999997,-87.1850509,0,NoFix,649523776,0,0,251706700,747952,862.8512776317006,91376.77863934464,47.119142627343535,-13664,27328,-964288,2642500,-1548750,1321250,0,0,-780000,-2443,224,-2684
1781646902668,2.9177055927692663,,0,0,0,0,0,0,1,0,0,0,26.6803019,-87.1826012,0,NoFix,649523776,0,0,251707300,748452,863.0084314674122,91375.04160545676,47.11034354567528,-10736,-5856,-974048,-910000,-647500,0,0,0,-780000,-2457,244,-2667
1781646903154,1.8459723705428814,,0,0,0,0,0,0,1,0,0,0,25.0666709,-86.6453997,0,NoFix,649523776,0,0,251707800,748952,863.5490382274785,91369.06643988553,47.10154444538057,-28304,-16592,-963312,-1365000,-5110000,-892500,0,0,-780000,-2419,232,-2649
1781646903670,1.9245514625944224,,0,0,0,0,0,0,1,0,0,0,25.063954499999998,-86.64307149999999,0,NoFix,649523776,0,0,251708400,749452,863.5490382274785,91369.06643988553,47.10154444538057,-11712,976,-968192,-5372500,-1995000,-892500,0,0,-780000,-2420,231,-2694
1781646904155,2.1602934358681978,,0,0,0,0,0,0,1,0,0,0,23.4477422,-86.1199462,0,NoFix,649523776,0,0,251708900,749952,862.015323747768,91386.01895352948,47.10154444538057,-9760,4880,-974048,3981250,1137500,0,0,0,-780000,-2415,237,-2622
1781646904642,3.084311904392621,,0,0,0,0,0,0,1,0,0,0,23.4449339,-86.1177355,0,NoFix,649523776,0,0,251709500,750452,863.5490382274785,91369.06643988553,47.10154444538057,4880,-6832,-959408,-3141250,1146250,1767500,0,780000,-780000,-2394,227,-2669
1781646905153,2.622295721223395,,0,0,0,0,0,0,1,0,0,0,23.4439977,-86.1169986,0,NoFix,649523776,0,0,251709700,750952,863.0178955795402,91374.9369987233,47.08834576001391,4880,-14640,-958432,-26250,-4663750,-2222500,0,0,-780000,-2449,214,-2673
1781646905668,3.162894693555927,,0,0,0,0,0,0,1,0,0,0,21.6815894,-85.5620256,0,NoFix,649523776,0,0,251710200,751452,862.7130585239803,91378.30640826239,47.083946188911796,1952,-10736,-958432,-2703750,1592500,-892500,0,780000,-780000,-2433,188,-2716
1781646906154,3.0057298980677842,,0,0,0,0,0,0,1,0,0,0,23.4388486,-86.11294579999999,0,NoFix,649523776,0,0,251710800,751952,863.0178955795402,91374.9369987233,47.08834576001391,241072,4880,-960384,1277500,-3351250,437500,0,0,-780000,-2408,247,-2698
1781646906640,3.241478265568958,,0,0,0,0,0,0,1,0,0,0,21.957202499999998,-85.6454716,0,NoFix,649523840,0,0,251711300,752452,863.5584945518727,91368.96192476156,47.07954661315307,7808,244000,-955504,-481250,-1102500,-866250,0,0,-780000,-2436,203,-2751
1781646907125,2.474627026884832,,0,0,0,0,0,0,1,0,0,0,21.954792599999998,-85.6437163,0,NoFix,649523840,0,0,251711800,752952,863.4013297563846,91370.69898624219,47.08834576001391,247904,11712,-972096,428750,-1102500,-936250,0,0,-780000,-2442,192,-2674
1781646907665,3.241478265568958,,0,0,0,0,0,0,1,0,0,0,21.9523826,-85.641961,0,NoFix,649523840,0,0,251712300,753452,862.8702268852016,91376.56919031648,47.07514703273773,-247904,13664,-970144,-901250,-647500,-892500,0,0,-1560000,-2411,224,-2660
1781646908152,2.3960424548446326,,0,0,0,0,0,0,1,0,0,0,21.9494904,-85.6398548,0,NoFix,649523840,0,0,251712900,753952,863.5584945518727,91368.96192476156,47.07954661315307,-18544,5856,-960384,-3141250,-1102500,1321250,0,0,-780000,-2427,250,-2692
1781646908638,2.0912225787446914,,0,0,0,0,0,0,1,0,0,0,23.4266752,-86.1033679,0,NoFix,649523840,0,0,251713400,754452,862.8702268852016,91376.56919031648,47.07514703273773,11712,-17568,-966240,2642500,1592500,1793750,0,0,-780000,-2422,274,-2723
1781646909123,2.2388756593385324,,0,0,0,0,0,0,1,0,0,0,23.4257386,-86.10263119999999,0,NoFix,649523840,0,0,251713600,754952,862.8702268852016,91376.56919031648,47.07514703273773,12688,-15616,-960384,-4033750,245000,-1776250,0,0,-780000,-2446,243,-2724
1781646909609,3.015216081379549,,0,0,0,0,0,0,1,0,0,0,21.943223399999997,-85.6352917,0,NoFix,649523840,0,0,251714200,755452,862.8702268852016,91376.56919031648,47.07514703273773,-244000,-21472,-962336,-4060000,245000,-918750,0,0,-780000,-2410,221,-2678
1781646910150,3.3200626204287573,,0,0,0,0,0,0,1,0,0,0,20.195774099999998,-85.09787279999999,0,NoFix,649523840,0,0,251714700,755952,864.0991087716512,91362.98699851823,47.07074744766578,-15616,13664,-937936,-2257500,245000,437500,0,0,-780000,-2434,233,-2654
1781646910636,2.3960424548446326,,0,0,0,0,0,0,1,0,0,0,16.9940638,-84.14544459999999,0,NoFix,649523904,0,0,251715200,756452,862.8702268852016,91376.56919031648,47.07514703273773,-10736,26352,-952576,-4488750,-1102500,-2222500,0,0,-1560000,-2442,235,-2712
1781646911121,2.6317985195423717,,0,0,0,0,0,0,1,0,0,0,18.85279,-84.692302,0,NoFix,649523904,0,0,251715800,756952,862.9488122401013,91375.70057838796,47.07074744766578,-4880,4880,-971120,-35000,1592500,-892500,0,0,-780000,-2433,275,-2692
1781646911607,2.31745866566348,,0,0,0,0,0,0,1,0,0,0,16.987742,-84.1418872,0,NoFix,649523840,0,0,251716400,757452,863.6370781238858,91368.09339106584,47.07514703273773,-21472,7808,-957456,428750,-656250,0,0,0,-780000,-2424,232,-2741
1781646912124,2.31745866566348,,0,0,0,0,0,0,1,0,0,0,16.985107799999998,-84.1404049,0,NoFix,649523904,0,0,251716900,757952,862.2510695695314,91383.41303291099,47.08834576001391,-27328,3904,-974048,1312500,-1986250,437500,0,0,-780000,-2437,225,-2710
1781646912634,2.858045588759751,,0,0,0,0,0,0,1,0,0,0,20.182322199999998,-85.0889316,0,NoFix,649523904,0,0,251717400,758452,862.2510695695314,91383.41303291099,47.08834576001391,5856,-13664,-961360,3981250,-1102500,-1330000,780000,0,-780000,-2441,233,-2689
1781646913119,1.9340532175308454,,0,0,0,0,0,0,1,0,0,0,18.843604,-84.68660679999999,0,NoFix,649523904,0,0,251717600,758952,862.1724868460807,91384.28167508826,47.09274532645941,-12688,17568,-948672,-481250,700000,-918750,0,0,-780000,-2399,196,-2707
1781646913605,2.31745866566348,,0,0,0,0,0,0,1,0,0,0,20.5645261,-85.2035247,0,NoFix,649523904,0,0,251718200,759452,863.4799117627094,91369.83045648703,47.083946188911796,-976,0,-961360,-2695000,-201250,-446250,0,0,-780000,-2434,264,-2669
1781646914120,3.9989584662855577,,0,0,0,0,0,0,1,0,0,0,20.562051999999998,-85.2018476,0,NoFix,649523904,0,0,251718700,759952,862.555893294185,91380.04361832584,47.09274532645941,6832,9760,-969168,420000,-2878750,-2222500,0,780000,-780000,-2463,236,-2672
1781646914607,2.84856823395603,,0,0,0,0,0,0,1,0,0,0,20.5595778,-85.2001705,0,NoFix,649523968,0,0,251719200,760452,861.7890945105554,91388.51973492613,47.09274532645941,2928,-5856,-972096,-1356250,700000,883750,0,0,-780000,-2461,218,-2639
1781646915118,3.310597467596949,,0,0,0,0,0,0,1,0,0,0,20.5571035,-85.1984935,0,NoFix,649523968,0,0,251719700,760952,862.555893294185,91380.04361832584,47.09274532645941,-10736,7808,-973072,1303750,3395000,-26250,0,0,-780000,-2462,207,-2710
1781646915604,2.1602934358681978,,0,0,0,0,0,0,1,0,0,0,22.1518038,-85.6877894,0,NoFix,649523968,0,0,251720300,761452,863.8633595556948,91365.59248521179,47.083946188911796,-7808,-9760,-953552,-455000,2047500,1767500,0,780000,-780000,-2446,208,-2686
1781646916119,2.5437139977439074,,0,0,0,0,0,0,1,0,0,0,22.1494026,-85.6860214,0,NoFix,649523968,0,0,251720800,761952,863.3227485329037,91371.56751402678,47.09274532645941,-1952,1952,-975024,-1811250,-1102500,883750,0,0,-780000,-2442,240,-2635
1781646916605,2.622295721223395,,0,0,0,0,0,0,1,0,0,0,22.146521,-85.6838999,0,NoFix,649523968,0,0,251721400,762452,862.8702268852016,91376.56919031648,47.07514703273773,-6832,5856,-961360,-3141250,2047500,883750,0,0,-780000,-2393,251,-2644
1781646917092,2.7008782275536305,,0,0,0,0,0,0,1,0,0,0,22.145560399999997,-85.68319269999999,0,NoFix,649523968,0,0,251721600,762952,862.7130585239803,91378.30640826239,47.083946188911796,1952,15616,-976976,-472500,2047500,-1330000,0,0,-780000,-2475,226,-2675
1781646917602,3.3986477581343024,,0,0,0,0,0,0,1,0,0,0,22.1426786,-85.6810713,0,NoFix,649523968,0,0,251722200,763452,862.7225823503778,91378.20113846396,47.06194826355204,4880,-3904,-978928,3981250,-201250,-892500,0,0,-780000,-2463,217,-2675
1781646918117,3.3295664608608604,,0,0,0,0,0,0,1,0,0,0,22.1407572,-85.6796571,0,NoFix,649523968,0,0,251722600,763953,862.9583493094932,91375.5951646437,47.04874945245683,-14640,5856,-959408,-4961250,1592500,-1330000,0,0,-780000,-2460,193,-2657
1781646918604,3.181923403965584,,0,0,0,0,0,0,1,0,0,0,22.1383554,-85.6778894,0,NoFix,649523968,0,0,251723100,764453,862.8107374790599,91377.22673722346,47.03555059945211,-18544,-976,-978928,2231250,-2003750,3097500,0,0,-780000,-2458,243,-2646
1781646919089,2.1889544811701853,,0,0,0,0,0,0,1,0,0,0,23.6178807,-86.1413819,0,NoFix,649523968,0,0,251723800,764953,863.734708846467,91367.01435076915,47.02675134083256,-2928,19520,-975024,-1837500,2493750,-446250,0,0,-780000,-2431,237,-2682
1781646919576,2.808112453435342,,0,0,0,0,0,0,1,0,0,0,23.6150809,-86.13915639999999,0,NoFix,649523968,0,0,251724300,765453,863.9704930942387,91364.4084440882,47.013552417978644,5856,24400,-962336,-472500,1146250,-446250,0,0,-780000,-2427,222,-2659
1781646920061,2.5819396430323422,,0,0,0,0,0,0,1,0,0,0,23.6127477,-86.1373018,0,NoFix,649524032,0,0,251724800,765953,863.2823096269316,91372.01447217392,47.00915276771411,-9760,-4880,-956480,-918750,-647500,4033750,0,0,-780000,-2484,208,-2692
1781646920602,2.896341864535316,,0,0,0,0,0,0,1,0,0,0,23.6104143,-86.13544739999999,0,NoFix,649524032,0,0,251725300,766453,863.675307946091,91367.67086383716,46.98715444654226,-18544,1952,-951600,-35000,1146250,1767500,0,0,-780000,-2437,209,-2648
1781646921088,3.0535476726461184,,0,0,0,0,0,0,1,0,0,0,23.6085475,-86.13396379999999,0,NoFix,649524032,0,0,251725700,766953,862.9871926223101,91375.2763585448,46.982754768338054,248880,-1952,-964288,-910000,700000,-2292500,0,0,-780000,-2467,240,-2662
1781646921573,3.2107566123248716,,0,0,0,0,0,0,1,0,0,0,23.6066806,-86.1324803,0,NoFix,649523968,0,0,251726100,767453,863.2230063578564,91372.66993522475,46.96955570578575,976,12688,-937936,4865000,1128750,1321250,0,0,-1560000,-2452,227,-2634
1781646922060,3.3679686835915845,,0,0,0,0,0,0,1,0,0,0,23.60388,-86.1302552,0,NoFix,649524032,0,0,251726700,767953,863.3802194293984,91370.9323098421,46.96075630746782,5856,24400,-970144,2642500,-1540000,2213750,0,0,-780000,-2427,231,-2689
1781646922576,3.141835774241372,,0,0,0,0,0,0,1,0,0,0,24.978735,-86.57017359999999,0,NoFix,649524032,0,0,251727200,768453,863.1541016290614,91373.43152540193,46.951956890523434,7808,13664,-972096,-1811250,-3797500,437500,0,0,-780000,-2421,186,-2665
1781646923086,2.6798927775666925,,0,0,0,0,0,0,1,0,0,0,24.976465599999997,-86.5682362,0,NoFix,649524032,0,0,251727700,768953,863.6160449084921,91368.32585701726,46.94755717506632,-237168,25376,-976000,-5407500,1146250,-936250,0,0,-780000,-2439,197,-2686
1781646923572,3.141835774241372,,0,0,0,0,0,0,1,0,0,0,24.973288399999998,-86.565524,0,NoFix,649524032,0,0,251728400,769453,864.0780020792082,91363.2202660108,46.9431574549526,-3904,18544,-958432,-4042500,-210000,883750,0,0,-780000,-2433,213,-2677
1781646924057,3.141835774241372,,0,0,0,0,0,0,1,0,0,0,23.594076599999998,-86.12246789999999,0,NoFix,649524032,0,0,251728800,769953,863.3113219641449,91371.69380801583,46.9431574549526,-5856,12688,-968192,-2712500,1146250,-1330000,0,0,-780000,-2456,222,-2625
1781646924573,2.915722105828081,,0,0,0,0,0,0,1,0,0,0,22.1080817,-85.6556212,0,NoFix,649524032,0,0,251729400,770453,863.006614910533,91375.06168385224,46.93875773018226,0,23424,-949648,-4488750,-1093750,-446250,0,0,-780000,-2435,253,-2659
1781646925060,2.611015052216203,,0,0,0,0,0,0,1,0,0,0,22.1071203,-85.65491449999999,0,NoFix,649524032,0,0,251729600,770953,863.4685454308891,91369.95608276426,46.93435800075531,15616,24400,-958432,-1382500,253750,1767500,0,0,-780000,-2442,201,-2684
1781646925569,3.6135031734563654,,0,0,0,0,0,0,1,0,0,0,23.5875396,-86.117277,0,NoFix,649524032,0,0,251730200,771453,863.547158338632,91369.08721718936,46.92995826667175,15616,-8784,-966240,-2266250,-2896250,437500,0,0,-780000,-2466,201,-2719
1781646926056,3.6135031734563654,,0,0,0,0,0,0,1,0,0,0,23.584737699999998,-86.11505249999999,0,NoFix,649524032,0,0,251730800,771953,863.2424551342648,91372.45497272119,46.92555852793157,-3904,4880,-976976,428750,-2458750,2703750,0,780000,-780000,-2439,204,-2701
1781646926571,3.3087866445446252,,0,0,0,0,0,0,1,0,0,0,22.0989474,-85.64890729999999,0,NoFix,649524096,0,0,251731300,772453,863.2424551342648,91372.45497272119,46.92555852793157,7808,7808,-975024,-2712500,-1093750,1321250,0,780000,-780000,-2464,209,-2700
1781646927057,2.8468552759479735,,0,0,0,0,0,0,1,0,0,0,22.0960625,-85.6467873,0,NoFix,649524096,0,0,251731900,772953,864.0091030317732,91363.98172965043,46.92555852793157,4880,4880,-981856,3963750,691250,4007500,0,0,0,-2427,226,-2696
1781646927543,2.8468552759479735,,0,0,0,0,0,0,1,0,0,0,23.5777321,-86.1094916,0,NoFix,649524096,0,0,251732300,773453,863.6257720292882,91368.21834964858,46.92555852793157,4880,29280,-958432,-3605000,-1093750,2213750,0,0,-780000,-2448,203,-2684
1781646928055,2.158879777598713,,0,0,0,0,0,0,1,0,0,0,22.295541699999998,-85.7065257,0,NoFix,649524096,0,0,251732900,773953,863.6257720292882,91368.21834964858,46.92555852793157,-11712,6832,-963312,7971250,-665000,4033750,0,0,-780000,-2451,226,-2704
1781646928570,3.004086006382181,,0,0,0,0,0,0,1,0,0,0,22.2931466,-85.7047474,0,NoFix,649524096,0,0,251733400,774453,864.628290911174,91357.13872712535,46.912359283771366,14640,-6832,-961360,402500,-1111250,-2240000,0,0,-780000,-2474,211,-2688
1781646929056,1.85422295513888,,0,0,0,0,0,0,1,0,0,0,22.292188499999998,-85.7040361,0,NoFix,649524096,0,0,251733600,774953,863.0163840762957,91374.95370534653,46.91675903648138,-7808,-19520,-968192,-3158750,-1102500,2213750,0,0,-780000,-2449,244,-2692
1781646929542,3.004086006382181,,0,0,0,0,0,0,1,0,0,0,23.663912999999997,-86.1325246,0,NoFix,649524096,0,0,251734200,775453,863.6355378322819,91368.11041485438,46.9035597643815,0,26352,-968192,5748750,-3806250,1321250,0,0,-780000,-2461,225,-2629
1781646930040,2.1686998133451425,,0,0,0,0,0,0,1,0,0,0,23.6615815,-86.1306657,0,NoFix,649524096,0,0,251734700,775953,863.6355378322819,91368.11041485438,46.9035597643815,976,-3904,-962336,3071250,-1557500,-1330000,0,0,-780000,-2438,228,-2678
1781646930538,3.3185568623420068,,0,0,0,0,0,0,1,0,0,0,22.2840442,-85.6979903,0,NoFix,649524160,0,0,251735300,776453,863.5569197268309,91368.97933035853,46.90795952640474,-12688,24400,-987712,-3167500,-2913750,-1330000,0,0,-780000,-2443,236,-2637
1781646931053,2.473351503343679,,0,0,0,0,0,0,1,0,0,0,23.6564515,-86.12657639999999,0,NoFix,649524160,0,0,251735800,776953,863.7141567206588,91367.24149738517,46.899159997701645,11712,2928,-959408,-2738750,2493750,1767500,0,0,-780000,-2449,222,-2653
1781646931540,2.325942940122104,,0,0,0,0,0,0,1,0,0,0,23.6541195,-86.12471769999999,0,NoFix,649524160,0,0,251736300,777453,863.871396846199,91365.50365655203,46.8903604503721,-15616,-246928,-950624,-1828750,1137500,0,0,780000,-780000,-2449,183,-2654
1781646932026,3.8591098812684095,,0,0,0,0,0,0,1,0,0,0,23.6517874,-86.1228591,0,NoFix,649524160,0,0,251736800,777953,862.8001655362546,91377.34359117418,46.88596066972241,-9760,6832,-954528,-43750,2021250,2651250,0,0,-780000,-2430,215,-2665
1781646932512,3.554418225045538,,0,0,0,0,0,0,1,0,0,0,23.649455099999997,-86.1210005,0,NoFix,649524160,0,0,251737300,778453,862.8001655362546,91377.34359117418,46.88596066972241,-2928,7808,-940864,2633750,-2458750,2283750,0,0,-780000,-2431,267,-2643
1781646933052,2.9450825801405927,,0,0,0,0,0,0,1,0,0,0,23.6480556,-86.1198854,0,NoFix,649524224,0,0,251737600,778953,863.5667197963963,91368.8710161092,46.88596066972241,24400,248880,-965264,393750,-1557500,437500,0,0,-780000,-2435,226,-2669
1781646933538,3.7902866341099752,,0,0,0,0,0,0,1,0,0,0,23.645723099999998,-86.118027,0,NoFix,649524224,0,0,251738100,779453,863.0360384473789,91374.73646606374,46.872761299833655,-1952,5856,-951600,-2712500,5162500,1767500,0,0,-780000,-2456,216,-2676
1781646934024,2.8664587766558043,,0,0,0,0,0,0,1,0,0,0,23.6429239,-86.11579689999999,0,NoFix,649524160,0,0,251738700,779953,862.6527839724475,91378.97264379686,46.872761299833655,1952,-6832,-976976,3071250,1566250,-1330000,0,0,-780000,-2418,194,-2697
1781646934510,2.257184114130723,,0,0,0,0,0,0,1,0,0,0,23.641057699999998,-86.1143103,0,NoFix,649524224,0,0,251739200,780454,862.5741583855656,91379.84172560224,46.877161094453186,-15616,-11712,-963312,-1382500,-647500,-2222500,0,0,-780000,-2468,241,-2701
1781646935025,3.0237071665749227,,0,0,0,0,0,0,1,0,0,0,22.262957699999998,-85.6823457,0,NoFix,649524224,0,0,251739700,780954,863.5765585465862,91368.76227445087,46.863961696624756,4880,4880,-958432,1732500,1137500,1767500,0,0,-780000,-2466,226,-2680
1781646935535,3.7902866341099752,,0,0,0,0,0,0,1,0,0,0,22.2600814,-85.6802127,0,NoFix,649524224,0,0,251740300,781454,862.2695435988963,91383.20882460481,46.872761299833655,5856,13664,-964288,402500,245000,-446250,0,780000,-780000,-2450,217,-2666
1781646936021,3.2497424584037162,,0,0,0,0,0,0,1,0,0,0,22.2581639,-85.6787908,0,NoFix,649524224,0,0,251740700,781954,863.8025897061775,91366.26411982113,46.872761299833655,-239120,19520,-967216,-6335000,236250,1767500,0,780000,-780000,-2434,216,-2641
1781646936508,3.0237071665749227,,0,0,0,0,0,0,1,0,0,0,22.2557667,-85.67701339999999,0,NoFix,649524224,0,0,251741200,782454,864.1858864924268,91362.0279513114,46.872761299833655,-3904,5856,-961360,822500,245000,0,0,0,-780000,-2468,222,-2670
1781646937023,3.7116630481567654,,0,0,0,0,0,0,1,0,0,0,22.2543284,-85.675947,0,NoFix,649524224,0,0,251741500,782954,863.4193070248917,91370.5002914052,46.872761299833655,7808,24400,-958432,2205000,-665000,-892500,0,0,-780000,-2424,261,-2642
1781646937510,2.6404385890621143,,0,0,0,0,0,0,1,0,0,0,22.2519311,-85.6741697,0,NoFix,649524224,0,0,251742000,783454,863.4979323942707,91369.63128391006,46.86836150055751,14640,11712,-974048,3963750,1592500,1793750,0,0,-780000,-2475,214,-2646
1781646938019,4.330846046689999,,0,0,0,0,0,0,1,0,0,0,19.5963274,-84.8681515,0,NoFix,649524224,0,0,251742600,783954,863.1146643169888,91373.86742043127,46.86836150055751,234240,-1952,-958432,3071250,-210000,2651250,0,0,-780000,-2447,240,-2668
1781646938505,2.257184114130723,,0,0,0,0,0,0,1,0,0,0,22.246656599999998,-85.67025989999999,0,NoFix,649524224,0,0,251743100,784454,863.6551854818567,91367.89326302764,46.85956188803539,-2928,3904,-965264,5740000,-673750,-446250,0,0,-780000,-2460,246,-2657
1781646938992,3.1809586882693566,,0,0,0,0,0,0,1,0,0,0,20.768691699999998,-85.2178923,0,NoFix,649524224,0,0,251743600,784954,863.5765585465862,91368.76227445087,46.863961696624756,-23424,16592,-950624,1732500,682500,2213750,0,0,-780000,-2439,213,-2651
1781646939507,3.642866804078267,,0,0,0,0,0,0,1,0,0,0,20.765733299999997,-85.2158607,0,NoFix,649524224,0,0,251744200,785454,864.0384666623951,91363.65720585581,46.85956188803539,-13664,20496,-976976,2213750,-3360000,883750,0,0,-1560000,-2452,238,-2677
1781646939993,3.652732044091522,,0,0,0,0,0,0,1,0,0,0,23.519771499999997,-86.06354429999999,0,NoFix,649524288,0,0,251744700,785954,864.5003886655547,91358.55221464644,46.855162074789405,-976,2928,-971120,-52500,-1995000,437500,0,780000,-780000,-2472,243,-2684
1781646940478,2.807585145107737,,0,0,0,0,0,0,1,0,0,0,23.5174326,-86.06169249999999,0,NoFix,649524224,0,0,251745200,786454,862.8199481315215,91377.1249300054,46.84196260711178,-11712,-5856,-961360,-3167500,-2458750,437500,780000,0,-780000,-2451,239,-2623
1781646940989,4.340673657894513,,0,0,0,0,0,0,1,0,0,0,23.5160292,-86.06058139999999,0,NoFix,649524224,0,0,251745500,786954,862.2107841725083,91383.85834108872,46.8331629387103,-20496,5856,-984784,1723750,1137500,883750,0,0,-780000,-2459,217,-2619
1781646941506,2.345716705356722,,0,0,0,0,0,0,1,0,0,0,24.8933087,-86.4973775,0,NoFix,649524224,0,0,251746000,787454,863.7338132000705,91367.02424964063,46.855162074789405,247904,21472,-954528,-4068750,-665000,1820000,0,0,-780000,-2484,196,-2673
1781646941992,3.57410119408064,,0,0,0,0,0,0,1,0,0,0,23.606049199999998,-86.0864434,0,NoFix,649524224,0,0,251746600,787954,864.126963535366,91362.67915325386,46.8331629387103,0,0,-975024,-3158750,-1111250,1321250,0,780000,-780000,-2448,189,-2606
1781646942478,3.57410119408064,,0,0,0,0,0,0,1,0,0,0,23.6041812,-86.0849575,0,NoFix,649524288,0,0,251747000,788454,864.0483319024083,91363.54817645761,46.83756277523935,10736,245952,-964288,1295000,245000,-892500,0,780000,-780000,-2422,231,-2623
1781646942962,2.9648496291874835,,0,0,0,0,0,0,1,0,0,0,23.6018461,-86.0831003,0,NoFix,649524288,0,0,251747600,788954,863.2031850034246,91372.88901616196,46.84196260711178,-9760,12688,-958432,-1837500,3386250,-2222500,0,0,-780000,-2464,224,-2640
1781646943502,2.807585145107737,,0,0,0,0,0,0,1,0,0,0,22.2226733,-85.65249159999999,0,NoFix,649524288,0,0,251748100,789454,864.814903365636,91355.07644656689,46.83756277523935,-3904,976,-970144,1723750,1137500,2213750,0,0,-780000,-2458,239,-2665
1781646943989,1.8052316460717748,,0,0,0,0,0,0,1,0,0,0,22.2202743,-85.6507151,0,NoFix,649524288,0,0,251748600,789954,862.9672941495327,91375.49629693202,46.855162074789405,-1952,-1952,-961360,-52500,-1548750,2651250,0,780000,-780000,-2426,218,-2707
1781646944475,3.338213341753658,,0,0,0,0,0,0,1,0,0,0,22.2178751,-85.6489386,0,NoFix,649524288,0,0,251749100,790454,863.5864359766556,91368.65310539296,46.84196260711178,240096,15616,-961360,2213750,-665000,-892500,0,0,-780000,-2441,248,-2670
1781646944961,3.4168418429163694,,0,0,0,0,0,0,1,0,0,0,22.2164355,-85.6478728,0,NoFix,649524352,0,0,251749400,790954,862.1222017852199,91384.8375224599,46.85956188803539,2928,13664,-971120,-927500,1592500,437500,0,0,-780000,-2455,264,-2669
1781646945477,1.7266019269030721,,0,0,0,0,0,0,1,0,0,0,23.494972,-86.0439179,0,NoFix,649524352,0,0,251750000,791454,863.5765585465862,91368.76227445087,46.863961696624756,-244976,3904,-966240,-52500,-210000,1347500,0,0,-780000,-2429,237,-2699
1781646945987,4.104788807237924,,0,0,0,0,0,0,1,0,0,0,23.4926317,-86.04206669999999,0,NoFix,649524352,0,0,251750500,791954,863.5765585465862,91368.76227445087,46.863961696624756,-10736,-8784,-963312,393750,-201250,-1330000,0,0,-780000,-2461,218,-2676
1781646946474,3.5642403690643505,,0,0,0,0,0,0,1,0,0,0,23.4907593,-86.0405858,0,NoFix,649524352,0,0,251750900,792454,863.7338132000705,91367.02424964063,46.855162074789405,-5856,16592,-962336,-52500,691250,437500,0,0,-780000,-2479,218,-2641
1781646946959,3.4069898478607,,0,0,0,0,0,0,1,0,0,0,22.2063572,-85.6404125,0,NoFix,649524416,0,0,251751500,792954,863.9598402273812,91364.5261791415,46.863961696624756,0,14640,-960384,-1382500,236250,2213750,0,780000,-780000,-2449,236,-2657
1781646947474,3.102332535953906,,0,0,0,0,0,0,1,0,0,0,21.999310299999998,-85.5758154,0,NoFix,649524416,0,0,251752200,793454,863.1146643169888,91373.86742043127,46.86836150055751,15616,-14640,-969168,-52500,-210000,-892500,0,780000,-780000,-2459,227,-2645
1781646947961,3.7116630481567654,,0,0,0,0,0,0,1,0,0,0,20.7238035,-85.1870883,0,NoFix,649524416,0,0,251752700,793954,863.2620586349726,91372.2383005025,46.8815608844161,-1952,1952,-976000,3062500,2485000,-2222500,0,0,-780000,-2460,249,-2579
1781646948470,3.4069898478607,,0,0,0,0,0,0,1,0,0,0,20.721335999999997,-85.1853963,0,NoFix,649524416,0,0,251753200,794454,863.8025897061775,91366.26411982113,46.872761299833655,239120,6832,-965264,1706250,1137500,-892500,0,0,-780000,-2472,225,-2605
1781646948956,3.4069898478607,,0,0,0,0,0,0,1,0,0,0,21.9925635,-85.5708756,0,NoFix,649524416,0,0,251753400,794954,864.0286401034526,91363.76580786036,46.8815608844161,11712,0,-968192,-936250,691250,-26250,0,0,-780000,-2447,213,-2635
1781646949442,1.7953176534931572,,0,0,0,0,0,0,1,0,0,0,21.9901537,-85.56911149999999,0,NoFix,649524416,0,0,251753900,795454,864.0286401034526,91363.76580786036,46.8815608844161,-21472,23424,-978928,-498750,-1111250,-1330000,0,0,-780000,-2459,213,-2621
1781646949958,2.257184114130723,,0,0,0,0,0,0,1,0,0,0,20.7149197,-85.1809973,0,NoFix,649524416,0,0,251754500,795954,863.0360384473789,91374.73646606374,46.872761299833655,-22448,-8784,-971120,1295000,691250,-3648750,0,0,-780000,-2440,219,-2632
1781646950444,3.554418225045538,,0,0,0,0,0,0,1,0,0,0,19.126722,-84.7076324,0,NoFix,649524480,0,0,251755000,796454,863.2620586349726,91372.2383005025,46.8815608844161,-12688,-6832,-961360,1286250,4270000,1767500,0,780000,-780000,-2438,201,-2621
1781646950955,2.0213097023683986,,0,0,0,0,0,0,1,0,0,0,19.123674899999997,-84.70570719999999,0,NoFix,649524480,0,0,251755600,796955,863.2620586349726,91372.2383005025,46.8815608844161,-10736,-24400,-959408,-52500,-1557500,2213750,0,0,-780000,-2471,221,-2597
1781646951441,3.475796987882177,,0,0,0,0,0,0,1,0,0,0,21.979548899999998,-85.56135019999999,0,NoFix,649524480,0,0,251756100,797455,864.2547097395852,91361.2673385688,46.8903604503721,2928,247904,-972096,-4051250,691250,437500,0,0,-1560000,-2459,230,-2607
1781646951957,3.554418225045538,,0,0,0,0,0,0,1,0,0,0,19.1185959,-84.7024989,0,NoFix,649524480,0,0,251756600,797955,864.0286401034526,91363.76580786036,46.8815608844161,4880,12688,-973072,1260000,1592500,2651250,0,0,-780000,-2469,210,-2637
1781646952443,2.5519713921219136,,0,0,0,0,0,0,1,0,0,0,17.4120229,-84.2048622,0,NoFix,649524480,0,0,251757100,798455,863.1048133768187,91373.9763017416,46.8903604503721,0,8784,-956480,1732500,2940000,1321250,0,780000,-780000,-2437,223,-2631
1781646952929,3.7018707561763904,,0,0,0,0,0,0,1,0,0,0,17.408884999999998,-84.20304689999999,0,NoFix,649524480,0,0,251757700,798955,863.7141567206588,91367.24149738517,46.899159997701645,-5856,6832,-970144,840000,-1111250,4033750,0,780000,-780000,-2445,195,-2658
1781646953439,2.5519713921219136,,0,0,0,0,0,0,1,0,0,0,17.4078391,-84.2024418,0,NoFix,649524480,0,0,251758000,799455,863.1736189388063,91373.21580396191,46.90795952640474,-1952,5856,-977952,-3167500,1128750,-1330000,0,0,-780000,-2432,229,-2642
1781646953955,3.3185568623420068,,0,0,0,0,0,0,1,0,0,0,15.5725678,-83.67821599999999,0,NoFix,649524480,0,0,251758500,799955,862.9475712504387,91375.71429512111,46.899159997701645,-8784,4880,-957456,-1828750,-665000,1767500,0,0,-780000,-2468,222,-2641
1781646954441,2.3161140745938837,,0,0,0,0,0,0,1,0,0,0,15.5698736,-83.6767986,0,NoFix,649524480,0,0,251759000,800455,863.5569197268309,91368.97933035853,46.90795952640474,-6832,17568,-977952,3998750,691250,-2240000,0,0,-780000,-2454,239,-2654
1781646954926,2.7780190804894573,,0,0,0,0,0,0,1,0,0,0,15.5671793,-83.6753813,0,NoFix,649524480,0,0,251759500,800955,863.8616177987587,91365.61173523244,46.912359283771366,1952,14640,-971120,848750,3832500,-446250,0,0,-780000,-2466,194,-2613
1781646955412,2.620784217978894,,0,0,0,0,0,0,1,0,0,0,18.6267996,-84.5526208,0,NoFix,649524480,0,0,251760000,801455,862.9377678194359,91375.8226530904,46.92115878453478,243024,5856,-968192,3972500,1137500,17500,0,0,-780000,-2430,194,-2672
1781646955928,2.925470249703835,,0,0,0,0,0,0,1,0,0,0,18.623725699999998,-84.5507271,0,NoFix,649524480,0,0,251760600,801955,863.0163840762957,91374.95370534653,46.91675903648138,-3904,1952,-967216,-3167500,-665000,-446250,0,780000,-780000,-2442,197,-2645
1781646956438,3.004086006382181,,0,0,0,0,0,0,1,0,0,0,18.621164099999998,-84.549149,0,NoFix,649524480,0,0,251761100,802455,863.2424551342648,91372.45497272119,46.92555852793157,0,18544,-973072,1741250,-3360000,437500,0,0,-780000,-2471,189,-2634
1781646956925,2.3849377961914797,,0,0,0,0,0,0,1,0,0,0,17.3884851,-84.1912486,0,NoFix,649524480,0,0,251761600,802955,863.8518774337373,91365.71938649507,46.93435800075531,-1952,-1952,-969168,402500,691250,437500,0,0,-780000,-2447,219,-2656
1781646957410,3.1515584803152024,,0,0,0,0,0,0,1,0,0,0,17.3869156,-84.19034119999999,0,NoFix,649524480,0,0,251761900,803455,863.8518774337373,91365.71938649507,46.93435800075531,-20496,11712,-955504,-2266250,2030000,-3552500,0,0,-780000,-2420,207,-2691
1781646957926,1.9230342041241784,,0,0,0,0,0,0,1,0,0,0,15.5510114,-83.6668777,0,NoFix,649524480,0,0,251762500,803955,864.6185837666482,91357.24600317978,46.93435800075531,-3904,-13664,-960384,848750,691250,-1330000,0,0,-780000,-2458,202,-2637
1781646958412,4.144373284050857,,0,0,0,0,0,0,1,0,0,0,17.3811605,-84.1870139,0,NoFix,649524480,0,0,251763000,804455,863.9304898413019,91364.85055905563,46.92995826667175,-17568,-11712,-945744,1741250,-210000,-1356250,0,0,0,-2463,233,-2691
1781646958923,3.07294557257228,,0,0,0,0,0,0,1,0,0,0,18.6093792,-84.5418904,0,NoFix,649524544,0,0,251763400,804955,863.6946549673296,91367.45703547607,46.9431574549526,-976,3904,-967216,402500,-1111250,1321250,0,0,-780000,-2470,205,-2631
1781646959408,3.141835774241372,,0,0,0,0,0,0,1,0,0,0,15.542926099999999,-83.6626263,0,NoFix,649524544,0,0,251764000,805455,862.5446982790737,91380.16736231945,46.9431574549526,-2928,19520,-962336,2178750,1592500,437500,0,0,-780000,-2462,240,-2678
1781646959895,2.7585017707446013,,0,0,0,0,0,0,1,0,0,0,17.3733118,-84.1824771,0,NoFix,649524544,0,0,251764500,805955,863.5374356325582,91369.19467659209,46.951956890523434,-2928,976,-947696,5302500,245000,1321250,0,0,-780000,-2434,183,-2631
1781646960411,2.217963671051052,,0,0,0,0,0,0,1,0,0,0,17.370695299999998,-84.18096489999999,0,NoFix,649524544,0,0,251765000,806455,863.1541016290614,91373.43152540193,46.951956890523434,-1952,10736,-974048,848750,2030000,883750,780000,0,-780000,-2457,225,-2667
1781646960896,3.0632272812091514,,0,0,0,0,0,0,1,0,0,0,17.3675554,-84.17915029999999,0,NoFix,649524544,0,0,251765600,806955,862.4563484573255,91381.14394099676,46.96955570578575,-3904,244976,-966240,-1382500,2038750,1321250,0,0,-780000,-2451,192,-2627
1781646961406,2.82740649953962,,0,0,0,0,0,0,1,0,0,0,15.533222599999998,-83.65752499999999,0,NoFix,649524608,0,0,251765900,807455,863.3802194293984,91370.9323098421,46.96075630746782,-7808,2928,-967216,-1820000,-2450000,-446250,0,0,-780000,-2428,234,-2637
1781646961892,2.906012643862482,,0,0,0,0,0,0,1,0,0,0,15.529987799999999,-83.6558247,0,NoFix,649524608,0,0,251766400,807955,863.3802194293984,91370.9323098421,46.96075630746782,3904,3904,-953552,-4060000,-5591250,883750,0,0,-780000,-2434,274,-2650
1781646962408,2.522677139946495,,0,0,0,0,0,0,1,0,0,0,15.527292099999999,-83.6544078,0,NoFix,649524608,0,0,251766900,808455,863.2230063578564,91372.66993522475,46.96955570578575,4880,2928,-978928,1741250,245000,2213750,0,0,0,-2467,230,-2623
1781646962894,2.6012845673011498,,0,0,0,0,0,0,1,0,0,0,15.524056999999999,-83.6527076,0,NoFix,649524608,0,0,251767500,808955,863.2230063578564,91372.66993522475,46.96955570578575,13664,7808,-959408,3071250,-210000,2213750,0,0,-780000,-2466,232,-2624
1781646963379,1.5988339471242625,,0,0,0,0,0,0,1,0,0,0,15.5213611,-83.65129069999999,0,NoFix,649524608,0,0,251768000,809455,863.0657964179262,91374.40755273882,46.97835508547723,-8784,1952,-966240,-1820000,-1986250,-892500,0,0,-780000,-2472,256,-2627
1781646963890,2.0607485990086616,,0,0,0,0,0,0,1,0,0,0,15.518664999999999,-83.6498739,0,NoFix,649524608,0,0,251768500,809955,863.2230063578564,91372.66993522475,46.96955570578575,-10736,4880,-969168,-481250,-2432500,-1330000,0,0,-780000,-2463,241,-2613
1781646964407,2.6012845673011498,,0,0,0,0,0,0,1,0,0,0,15.5159688,-83.6484571,0,NoFix,649524608,0,0,251769000,810455,863.2230063578564,91372.66993522475,46.96955570578575,-21472,31232,-959408,-4943750,-1557500,-892500,0,0,-780000,-2464,216,-2598
1781646964902,2.0607485990086616,,0,0,0,0,0,0,1,0,0,0,15.512733299999999,-83.6467571,0,NoFix,649524608,0,0,251769600,810955,863.5277516093561,91369.3017085573,46.9739553979598,-7808,4880,-969168,1295000,2940000,-2660000,0,780000,0,-2434,215,-2640
1781646965378,2.522677139946495,,0,0,0,0,0,0,1,0,0,0,13.5395147,-83.0972812,0,NoFix,649524608,0,0,251769800,811455,863.2230063578564,91372.66993522475,46.96955570578575,-22448,4880,-952576,-5381250,3823750,2213750,0,0,-1560000,-2443,208,-2645
1781646965864,1.6774408088728023,,0,0,0,0,0,0,1,0,0,0,13.5367356,-83.09596379999999,0,NoFix,649524672,0,0,251770400,811955,863.3016125021793,91371.80112351688,46.96515600895509,-1952,9760,-965264,848750,-1557500,883750,0,0,-780000,-2454,220,-2653
1781646966404,2.522677139946495,,0,0,0,0,0,0,1,0,0,0,15.5062619,-83.643357,0,NoFix,649524608,0,0,251770800,812455,862.5349556018908,91380.27505301987,46.96515600895509,-4880,243024,-963312,2187500,245000,2213750,0,780000,-780000,-2445,211,-2606
1781646966891,2.7488011381258275,,0,0,0,0,0,0,1,0,0,0,15.5035653,-83.6419404,0,NoFix,649524608,0,0,251771300,812955,863.1444009964426,91373.53874496541,46.9739553979598,-11712,2928,-977952,-2292500,2485000,0,0,780000,0,-2479,227,-2659
1781646967376,2.139355743574015,,0,0,0,0,0,0,1,0,0,0,13.5272861,-83.09148479999999,0,NoFix,649524608,0,0,251772000,813456,863.2230063578564,91372.66993522475,46.96955570578575,4880,18544,-960384,-6265000,1592500,-3106250,0,0,-780000,-2464,242,-2669
1781646967862,3.2107566123248716,,0,0,0,0,0,0,1,0,0,0,15.497093,-83.6385406,0,NoFix,649524608,0,0,251772500,813956,863.0754926358835,91374.30038114515,46.95635660132393,28304,11712,-972096,2187500,-2012500,-446250,0,0,-780000,-2429,210,-2650
1781646968348,2.9846195710815664,,0,0,0,0,0,0,1,0,0,0,17.3288176,-84.1567749,0,NoFix,649524608,0,0,251773000,814456,862.996884425618,91375.16923492152,46.96075630746782,-248880,6832,-970144,3517500,1137500,-892500,0,0,-780000,-2436,232,-2679
1781646968888,2.9846195710815664,,0,0,0,0,0,0,1,0,0,0,18.5575999,-84.51002679999999,0,NoFix,649524672,0,0,251773500,814956,863.3802194293984,91370.9323098421,46.96075630746782,-8784,11712,-960384,3517500,682500,-446250,0,0,-780000,-2436,231,-2642
1781646969374,2.6012845673011498,,0,0,0,0,0,0,1,0,0,0,17.3246283,-84.1543564,0,NoFix,649524672,0,0,251773800,815456,862.6921722397628,91378.53727116463,46.95635660132393,-13664,2928,-953552,-3605000,2038750,-472500,0,0,-780000,-2441,251,-2632
1781646969860,2.296572381446026,,0,0,0,0,0,0,1,0,0,0,20.2861735,-85.0156722,0,NoFix,649524672,0,0,251774300,815956,863.1541016290614,91373.43152540193,46.951956890523434,-2928,8784,-974048,1741250,-2458750,-446250,0,0,-780000,-2431,243,-2620
1781646970346,2.7585017707446013,,0,0,0,0,0,0,1,0,0,0,20.2836858,-85.01400079999999,0,NoFix,649524736,0,0,251774900,816456,863.0754926358835,91374.30038114515,46.95635660132393,-976,1952,-978928,-1828750,2493750,883750,0,780000,-780000,-2412,219,-2686
1781646970862,2.837111546831011,,0,0,0,0,0,0,1,0,0,0,19.0230252,-84.6422158,0,NoFix,649524736,0,0,251775400,816956,864.0780020792082,91363.2202660108,46.9431574549526,-12688,13664,-974048,848750,-656250,-446250,0,0,-780000,-2457,201,-2657
1781646971372,3.6037926622174155,,0,0,0,0,0,0,1,0,0,0,19.0204813,-84.64061339999999,0,NoFix,649524736,0,0,251775900,817456,863.6946549673296,91367.45703547607,46.9431574549526,-21472,18544,-976976,1295000,691250,1321250,-780000,0,-780000,-2464,227,-2610
1781646971858,2.915722105828081,,0,0,0,0,0,0,1,0,0,0,19.0179372,-84.63901109999999,0,NoFix,649524736,0,0,251776400,817956,863.6946549673296,91367.45703547607,46.9431574549526,-22448,5856,-969168,-1373750,-2905000,-2660000,0,780000,-780000,-2458,227,-2623
1781646972345,2.689627677202907,,0,0,0,0,0,0,1,0,0,0,17.3078686,-84.1446836,0,NoFix,649524736,0,0,251777000,818456,863.3113219641449,91371.69380801583,46.9431574549526,-3904,7808,-953552,3517500,-1111250,1321250,0,0,-780000,-2431,272,-2601
1781646972861,2.611015052216203,,0,0,0,0,0,0,1,0,0,0,20.2707476,-85.0053106,0,NoFix,649524736,0,0,251777500,818956,864.3138354526347,91360.61390399629,46.92995826667175,-15616,0,-960384,3526250,1146250,1321250,0,0,-780000,-2421,218,-2608
1781646973346,3.3776659507652766,,0,0,0,0,0,0,1,0,0,0,20.2692545,-85.004308,0,NoFix,649524736,0,0,251777700,819456,863.6946549673296,91367.45703547607,46.9431574549526,11712,6832,-964288,411250,245000,1321250,0,0,-780000,-2446,193,-2567
1781646973856,3.456277575420472,,0,0,0,0,0,0,1,0,0,0,20.2667659,-85.002637,0,NoFix,649524736,0,0,251778200,819956,864.2352235452577,91361.4826933003,46.93435800075531,4880,-25376,-968192,3517500,691250,-446250,0,0,-780000,-2468,209,-2637
1781646974343,2.994333447746726,,0,0,0,0,0,0,1,0,0,0,19.8754723,-84.8859969,0,NoFix,649524736,0,0,251778800,820456,863.3899333060635,91370.82494637309,46.93875773018226,-4880,-6832,-972096,1741250,-210000,1793750,0,0,-780000,-2465,268,-2621
1781646974858,2.8468552759479735,,0,0,0,0,0,0,1,0,0,0,17.9671016,-84.3299816,0,NoFix,649524736,0,0,251779300,820956,863.1638409434314,91373.32387839761,46.92995826667175,-6832,16592,-974048,1295000,245000,2213750,0,0,-780000,-2483,248,-2653
1781646975344,2.8468552759479735,,0,0,0,0,0,0,1,0,0,0,17.9645112,-84.3284351,0,NoFix,649524736,0,0,251779800,821456,864.1663317614458,91362.24406494338,46.91675903648138,22448,7808,-966240,-4943750,-210000,2213750,0,0,-780000,-2468,226,-2622
1781646975830,2.5421679611190484,,0,0,0,0,0,0,1,0,0,0,16.649716899999998,-83.9524627,0,NoFix,649524736,0,0,251780400,821956,862.3972484706643,91381.79721003836,46.92995826667175,-11712,30256,-962336,2196250,691250,-472500,0,0,-780000,-2456,252,-2585
1781646976340,3.082702545983807,,0,0,0,0,0,0,1,0,0,0,16.6470695,-83.95098519999999,0,NoFix,649524800,0,0,251780900,822456,863.0950011160817,91374.084755637,46.912359283771366,-976,246928,-960384,-35000,2940000,437500,0,0,-780000,-2465,206,-2639
1781646976856,3.161319868514056,,0,0,0,0,0,0,1,0,0,0,16.644421899999998,-83.9495077,0,NoFix,649524800,0,0,251781400,822956,862.8689513616605,91376.58328886317,46.9035597643815,-5856,22448,-955504,-3167500,-210000,-3990000,0,0,-780000,-2457,204,-2590
1781646977341,3.3185568623420068,,0,0,0,0,0,0,1,0,0,0,19.8604335,-84.8761007,0,NoFix,649524864,0,0,251781800,823456,863.7141567206588,91367.24149738517,46.899159997701645,-14640,-10736,-946720,-52500,-1548750,0,0,0,-780000,-2461,223,-2588
1781646977828,2.8664587766558043,,0,0,0,0,0,0,1,0,0,0,19.858428,-84.87478139999999,0,NoFix,649524800,0,0,251782200,823956,863.2620586349726,91372.2383005025,46.8815608844161,-7808,27328,-963312,-936250,691250,-1356250,0,0,-780000,-2452,225,-2647
1781646978314,2.1785585272488106,,0,0,0,0,0,0,1,0,0,0,20.2443635,-84.9876002,0,NoFix,649524800,0,0,251782700,824456,862.3481704689456,91382.33970269756,46.86836150055751,6832,11712,-945744,840000,691250,-2660000,0,780000,-780000,-2485,225,-2597
1781646978825,1.9525706106287544,,0,0,0,0,0,0,1,0,0,0,21.848228199999998,-85.4654851,0,NoFix,649524864,0,0,251783300,824956,862.8100374950698,91377.23447429287,46.863961696624756,-4880,1952,-974048,2196250,-1111250,1347500,0,0,0,-2479,218,-2622
1781646979340,3.2595856235399197,,0,0,0,0,0,0,1,0,0,0,21.8453271,-85.4633724,0,NoFix,649524864,0,0,251783900,825456,862.7413165636735,91377.99406369723,46.8463624343276,-4880,16592,-964288,5302500,1137500,-1330000,0,0,-780000,-2493,209,-2629
1781646979826,2.5029806240235075,,0,0,0,0,0,0,1,0,0,0,23.2228551,-85.8825327,0,NoFix,649524864,0,0,251784400,825956,863.1245539358328,91373.75811171562,46.8463624343276,-4880,20496,-968192,5740000,691250,-1382500,0,780000,-780000,-2499,215,-2665
1781646980313,2.9648496291874835,,0,0,0,0,0,0,1,0,0,0,21.8404915,-85.4598513,0,NoFix,649524864,0,0,251784900,826456,863.281816853984,91372.01991864484,46.83756277523935,-1952,26352,-955504,2178750,2476250,0,0,780000,-780000,-2493,227,-2665
1781646980798,3.0434830456682676,,0,0,0,0,0,0,1,0,0,0,23.2176741,-85.8784843,0,NoFix,649524864,0,0,251785500,826956,863.7436994601863,91366.91498467202,46.8331629387103,-7808,5856,-963312,-1828750,-2012500,-446250,0,0,-780000,-2470,203,-2640
1781646981338,3.2007522275282554,,0,0,0,0,0,0,1,0,0,0,23.216260899999998,-85.8773803,0,NoFix,649524864,0,0,251785800,827456,864.2842291501369,91360.94110095786,46.82436325168237,-248880,20496,-964288,3990000,-210000,-1330000,0,0,-780000,-2468,199,-2629
1781646981824,2.0510914149751898,,0,0,0,0,0,0,1,0,0,0,23.2143767,-85.8759082,0,NoFix,649524864,0,0,251786200,827956,863.674987851225,91367.67440161311,46.81556354602799,-18544,9760,-969168,-481250,-3360000,883750,0,0,-780000,-2441,218,-2629
1781646982310,3.2793879929081413,,0,0,0,0,0,0,1,0,0,0,21.8313025,-85.45316199999999,0,NoFix,649524864,0,0,251786800,828456,863.7536243995713,91366.8052923186,46.81116368621588,-9760,23424,-981856,393750,1137500,-1330000,0,0,0,-2476,235,-2645
1781646982796,3.358024541254508,,0,0,0,0,0,0,1,0,0,0,21.828884,-85.4514018,0,NoFix,649524864,0,0,251787300,828956,863.5963520858451,91368.54350894512,46.819963401183486,-27328,3904,-962336,2205000,236250,1321250,0,0,-780000,-2450,241,-2664
1781646983313,2.5915719014320757,,0,0,0,0,0,0,1,0,0,0,21.8264654,-85.4496417,0,NoFix,649524864,0,0,251787800,829457,863.4490288612502,91370.1717897956,46.806763821747154,-8784,12688,-977952,-498750,-665000,-446250,0,0,0,-2461,210,-2610
1781646983823,1.9824551050699029,,0,0,0,0,0,0,1,0,0,0,21.8240467,-85.4478816,0,NoFix,649524864,0,0,251788300,829957,863.4490288612502,91370.1717897956,46.806763821747154,-11712,2928,-963312,1286250,-2003750,437500,0,0,-780000,-2490,202,-2652
1781646984309,2.7488493482502463,,0,0,0,0,0,0,1,0,0,0,21.821144,-85.4457695,0,NoFix,649524928,0,0,251788900,830457,862.761245036147,91377.77378884963,46.80236395262182,2928,-2928,-970144,-2730000,-665000,2257500,0,0,-780000,-2466,206,-2646
1781646984794,3.6725785643236577,,0,0,0,0,0,0,1,0,0,0,21.818725,-85.4440096,0,NoFix,649524928,0,0,251789400,830957,862.9185266154968,91376.03532768865,46.793564200401306,-18544,12688,-969168,840000,-1111250,883750,0,780000,-780000,-2483,232,-2681
1781646985310,2.827489246131904,,0,0,0,0,0,0,1,0,0,0,20.208997399999998,-84.96388379999999,0,NoFix,649524928,0,0,251789800,831457,863.6849470539604,91367.56432983422,46.793564200401306,246928,12688,-969168,-2730000,1137500,-1356250,0,780000,0,-2494,240,-2638
1781646985796,2.6702102333532594,,0,0,0,0,0,0,1,0,0,0,21.5753295,-85.3692009,0,NoFix,649524928,0,0,251790200,831957,863.3017297853094,91371.79982722427,46.793564200401306,9760,4880,-962336,2616250,-210000,3543750,0,0,-780000,-2492,245,-2623
1781646986306,3.7512190275201647,,0,0,0,0,0,0,1,0,0,0,21.5728993,-85.3674547,0,NoFix,649524928,0,0,251790700,832457,863.3017297853094,91371.79982722427,46.793564200401306,0,8784,-954528,-52500,2940000,0,0,0,-780000,-2457,218,-2658
1781646986792,2.3756674274093257,,0,0,0,0,0,0,1,0,0,0,18.4667477,-84.45422959999999,0,NoFix,649524928,0,0,251791200,832957,863.0758113268165,91374.2968586791,46.78476442955434,2928,-18544,-960384,1286250,691250,0,0,0,-780000,-2458,215,-2669
1781646987308,2.837499311776469,,0,0,0,0,0,0,1,0,0,0,18.463665499999998,-84.4523391,0,NoFix,649524928,0,0,251791800,833457,863.2330991700933,91372.5583818224,46.77596464008093,-23424,16592,-964288,-4051250,-210000,-1802500,0,0,0,-2471,222,-2685
1781646987794,1.8452743643152871,,0,0,0,0,0,0,1,0,0,0,18.461096899999998,-84.4507637,0,NoFix,649524928,0,0,251792300,833957,863.3903901453502,91370.81989711955,46.76716483198106,-1952,14640,-968192,-2283750,236250,-446250,0,0,-780000,-2481,203,-2626
1781646988280,2.2284322429508165,,0,0,0,0,0,0,1,0,0,0,18.4585282,-84.4491884,0,NoFix,649524928,0,0,251792800,834457,862.5453852214806,91380.15976920414,46.7715647383593,-7808,11712,-974048,2170000,-2887500,437500,0,780000,-780000,-2493,231,-2646
1781646988765,4.144433088068354,,0,0,0,0,0,0,1,0,0,0,20.192052999999998,-84.9525304,0,NoFix,649524992,0,0,251793300,834957,863.4690368074698,91369.95065182625,46.76276492094621,3904,-10736,-965264,-1391250,-1566250,2651250,780000,0,-780000,-2493,203,-2671
1781646989277,2.0025714735820657,,0,0,0,0,0,0,1,0,0,0,19.8007375,-84.83686329999999,0,NoFix,649524928,0,0,251793700,835457,863.9308834197009,91364.8462092284,46.758365005254745,11712,22448,-976976,-1837500,691250,1321250,0,0,-780000,-2467,222,-2663
1781646989793,3.0834989366130685,,0,0,0,0,0,0,1,0,0,0,20.1870682,-84.9491915,0,NoFix,649524928,0,0,251794200,835957,863.4004477174509,91370.70873503934,46.74516523024067,-26352,7808,-959408,-4515000,-2441250,-2660000,0,0,-780000,-2473,190,-2700
1781646990279,3.928530030014599,,0,0,0,0,0,0,1,0,0,0,20.1840772,-84.9471884,0,NoFix,649524992,0,0,251794800,836457,864.4027815310321,91359.63091337458,46.731965413317084,-28304,16592,-953552,-4103750,-1111250,17500,0,0,0,-2490,210,-2693
1781646990764,2.1699967395023805,,0,0,0,0,0,0,1,0,0,0,20.182083,-84.94585289999999,0,NoFix,649524992,0,0,251795200,836957,863.3318892548162,91371.46648482939,46.72756546502933,-5856,17568,-959408,-2730000,1137500,883750,0,0,-780000,-2486,238,-2691
1781646991251,2.631791231326133,,0,0,0,0,0,0,1,0,0,0,18.443113399999998,-84.43973749999999,0,NoFix,649524992,0,0,251795800,837457,863.027391089643,91374.83204504577,46.72316551208496,-7808,-2928,-987712,-2283750,-201250,437500,0,0,0,-2466,196,-2660
1781646991791,2.7104472246268188,,0,0,0,0,0,0,1,0,0,0,16.565477599999998,-83.9054946,0,NoFix,649525056,0,0,251796300,837957,862.418442391216,91381.56293997099,46.714365592226386,6832,-14640,-945744,5740000,-210000,1767500,0,0,-780000,-2470,186,-2689
1781646992276,2.946419902683374,,0,0,0,0,0,0,1,0,0,0,16.5622968,-83.90372289999999,0,NoFix,649525056,0,0,251796900,838457,862.8802241386352,91376.45868928546,46.70996562531218,-6832,5856,-955504,393750,236250,437500,0,0,-780000,-2455,175,-2675
1781646992762,2.1801604362027547,,0,0,0,0,0,0,1,0,0,0,14.533072299999999,-83.33874209999999,0,NoFix,649525056,0,0,251797400,838957,862.3499737353721,91382.3197699165,46.69676569662988,-2928,8784,-963312,1277500,236250,0,0,0,-780000,-2436,231,-2691
1781646993248,2.33748147165727,,0,0,0,0,0,0,1,0,0,0,17.8717035,-84.2730971,0,NoFix,649525056,0,0,251797700,839457,863.0375426072234,91374.719840639,46.70116567751393,-11712,17568,-959408,-507500,-3368750,-472500,0,0,-780000,-2459,213,-2659
1781646993764,3.103738936507739,,0,0,0,0,0,0,1,0,0,0,16.5554044,-83.89988439999999,0,NoFix,649525056,0,0,251798200,839957,863.6566609607569,91367.87695560083,46.68796572089195,-13664,233264,-953552,-61250,-2467500,-2660000,0,0,-780000,-2466,211,-2659
1781646994275,1.9543738770553318,,0,0,0,0,0,0,1,0,0,0,16.5527533,-83.89840819999999,0,NoFix,649525056,0,0,251798700,840457,863.1162030160611,91373.85041337663,46.69676569662988,-16592,-11712,-957456,-3193750,682500,1741250,0,0,0,-2468,188,-2635
1781646994760,2.7206031577443355,,0,0,0,0,0,0,1,0,0,0,18.4251245,-84.42871339999999,0,NoFix,649525056,0,0,251799300,840957,862.3499737353721,91382.3197699165,46.69676569662988,242048,-5856,-974048,-2301250,-1566250,-1330000,0,0,-780000,-2479,197,-2671
1781646995246,2.33748147165727,,0,0,0,0,0,0,1,0,0,0,18.4225542,-84.4271387,0,NoFix,649525056,0,0,251799800,841457,862.7330813299741,91378.08509010938,46.69676569662988,-12688,5856,-965264,-2292500,2030000,-3106250,0,780000,-780000,-2461,190,-2682
1781646995762,2.4161431639470266,,0,0,0,0,0,0,1,0,0,0,18.4199838,-84.425564,0,NoFix,649525056,0,0,251800300,841957,862.8117430222638,91377.21562274512,46.692365711089224,-15616,-976,-970144,-5845000,2467500,-892500,0,0,-780000,-2474,210,-2694
1781646996249,2.03303606974589,,0,0,0,0,0,0,1,0,0,0,17.1825573,-84.0724893,0,NoFix,649525120,0,0,251800900,842457,862.8117430222638,91377.21562274512,46.692365711089224,-976,-10736,-967216,1715000,2485000,883750,0,0,-780000,-2459,185,-2608
1781646996759,2.33748147165727,,0,0,0,0,0,0,1,0,0,0,16.5384356,-83.8904369,0,NoFix,649525120,0,0,251801400,842957,862.1926516991309,91384.05877505151,46.70556565374136,2928,15616,-968192,2161250,-1557500,-2660000,780000,0,0,-2455,189,-2657
1781646997244,2.33748147165727,,0,0,0,0,0,0,1,0,0,0,16.5373749,-83.88984649999999,0,NoFix,649525120,0,0,251801600,843457,862.7330813299741,91378.08509010938,46.69676569662988,-14640,10736,-999424,822500,-218750,1767500,780000,0,-780000,-2502,170,-2663
1781646997761,2.258820562410733,,0,0,0,0,0,0,1,0,0,0,16.5336624,-83.8877801,0,NoFix,649525120,0,0,251802300,843957,862.5757602945196,91379.82401895954,46.70556565374136,-1952,7808,-962336,-2292500,-2021250,-1330000,0,0,-780000,-2486,213,-2659
1781646998246,2.946419902683374,,0,0,0,0,0,0,1,0,0,0,16.5315408,-83.8865993,0,NoFix,649525120,0,0,251802700,844457,864.2656526351558,91361.14640162299,46.69676569662988,-7808,0,-961360,-4515000,1137500,2240000,0,0,-780000,-2465,201,-2638
1781646998732,2.563283123096994,,0,0,0,0,0,0,1,0,0,0,14.500776,-83.32254089999999,0,NoFix,649525120,0,0,251803300,844957,863.420678886403,91370.48512883805,46.70116567751393,-24400,13664,-952576,-4068750,682500,4427500,-780000,0,-780000,-2482,184,-2687
1781646999242,2.6419427489065583,,0,0,0,0,0,0,1,0,0,0,16.5257062,-83.8833523,0,NoFix,649525120,0,0,251803800,845457,863.3420197610002,91371.35451599878,46.70556565374136,-976,3904,-962336,-2283750,-1557500,883750,0,0,-780000,-2455,192,-2655
1781646999729,1.571280372742649,,0,0,0,0,0,0,1,0,0,0,15.3253762,-83.5485113,0,NoFix,649525120,0,0,251804300,845958,863.1162030160611,91373.85041337663,46.69676569662988,-4880,-21472,-962336,4392500,1120000,1767500,0,0,-780000,-2483,191,-2677
1781647000244,2.33748147165727,,0,0,0,0,0,0,1,0,0,0,15.322132499999999,-83.54681389999999,0,NoFix,649525184,0,0,251804900,846458,863.4993387948246,91369.6157397181,46.69676569662988,-25376,28304,-976976,385000,-218750,2651250,0,0,-780000,-2464,207,-2633
1781647000730,2.03303606974589,,0,0,0,0,0,0,1,0,0,0,13.341427399999999,-83.0035407,0,NoFix,649525184,0,0,251805400,846958,862.3499737353721,91382.3197699165,46.69676569662988,-2928,9760,-962336,2170000,1583750,437500,0,0,-780000,-2479,202,-2675
1781647001216,2.1116990454826237,,0,0,0,0,0,0,1,0,0,0,14.4876349,-83.31595159999999,0,NoFix,649525184,0,0,251805700,847458,863.1948642079367,91372.98098415494,46.692365711089224,6832,-13664,-975024,-6291250,1575000,-892500,0,0,-780000,-2479,227,-2669
1781647001726,3.261061102440067,,0,0,0,0,0,0,1,0,0,0,16.5129745,-83.8762684,0,NoFix,649525120,0,0,251806200,847958,861.9668802310595,91386.55445279818,46.69676569662988,11712,6832,-956480,-1400000,236250,0,0,0,-780000,-2468,194,-2717
1781647002242,2.1116990454826237,,0,0,0,0,0,0,1,0,0,0,18.3865584,-84.4050974,0,NoFix,649525184,0,0,251806800,848458,862.3499737353721,91382.3197699165,46.69676569662988,-5856,0,-975024,-962500,1583750,1321250,0,0,-780000,-2489,170,-2662
1781647002728,2.4161431639470266,,0,0,0,0,0,0,1,0,0,0,18.383986399999998,-84.40352329999999,0,NoFix,649525184,0,0,251807300,848958,862.6544204207275,91378.95455551421,46.70116567751393,14640,-11712,-960384,-945000,691250,437500,0,780000,-780000,-2484,179,-2666
1781647003214,2.4948056392685203,,0,0,0,0,0,0,1,0,0,0,18.3808999,-84.4016345,0,NoFix,649525184,0,0,251807900,849458,861.7411279858494,91389.04997321064,46.68796572089195,15616,21472,-935008,-953750,236250,4033750,0,0,-780000,-2462,229,-2618
1781647003701,2.6521329390448045,,0,0,0,0,0,0,1,0,0,0,18.3783277,-84.4000605,0,NoFix,649525184,0,0,251808400,849958,862.7330813299741,91378.08509010938,46.69676569662988,-19520,25376,-958432,3500000,-218750,1767500,0,780000,-780000,-2480,211,-2628
1781647004240,2.4948056392685203,,0,0,0,0,0,0,1,0,0,0,18.3757554,-84.3984866,0,NoFix,649525184,0,0,251808900,850458,862.8904054975853,91376.34615342172,46.68796572089195,4880,8784,-971120,5285000,236250,437500,0,780000,-780000,-2507,236,-2713
1781647004726,1.8072708011569603,,0,0,0,0,0,0,1,0,0,0,16.4959953,-83.86682449999999,0,NoFix,649525248,0,0,251809400,850958,862.5859626625812,91379.71124751816,46.68356572603807,2928,3904,-952576,3491250,-218750,3543750,0,780000,-780000,-2464,221,-2639
1781647005212,3.1823996279626954,,0,0,0,0,0,0,1,0,0,0,16.4949339,-83.8662343,0,NoFix,649525248,0,0,251809600,851458,862.9690687559535,91375.47668213921,46.68356572603807,3904,21472,-978928,4838750,1566250,1767500,0,0,-780000,-2510,224,-2695
1781647005698,2.8779263245270386,,0,0,0,0,0,0,1,0,0,0,16.4917498,-83.8644638,0,NoFix,649525248,0,0,251810200,851958,862.9690687559535,91375.47668213921,46.68356572603807,-9760,2928,-973072,-507500,2450000,3981250,0,0,-780000,-2497,207,-2637
1781647006214,2.190362804264396,,0,0,0,0,0,0,1,0,0,0,16.4885655,-83.86269329999999,0,NoFix,649525248,0,0,251810800,852458,863.6566609607569,91367.87695560083,46.68796572089195,1952,6832,-970144,-2292500,-2003750,0,0,780000,-780000,-2527,212,-2643
1781647006726,2.573468897636644,,0,0,0,0,0,0,1,0,0,0,18.363921299999998,-84.3912471,0,NoFix,649525248,0,0,251811200,852958,862.5859626625812,91379.71124751816,46.68356572603807,-17568,11712,-961360,-3185000,-3797500,-2660000,0,0,-780000,-2526,244,-2665
1781647007210,3.035252623444194,,0,0,0,0,0,0,1,0,0,0,18.3608337,-84.3893587,0,NoFix,649525248,0,0,251811800,853458,862.7432925292901,91377.97222279054,46.67476572236046,-16592,-1952,-960384,-507500,-2467500,437500,780000,0,-780000,-2498,225,-2712
1781647007697,2.7992643496198752,,0,0,0,0,0,0,1,0,0,0,18.358260599999998,-84.3877851,0,NoFix,649525248,0,0,251812300,853958,863.2735261828439,91372.11155297421,46.68796572089195,12688,-3904,-947696,2170000,682500,-2222500,0,0,-780000,-2482,202,-2659
1781647008183,2.4948056392685203,,0,0,0,0,0,0,1,0,0,0,17.120073899999998,-84.0365757,0,NoFix,649525248,0,0,251812800,854458,861.515394962335,91391.54533628856,46.67916572652757,-11712,5856,-967216,-4515000,-1566250,883750,0,780000,-780000,-2506,205,-2638
1781647008698,2.1116990454826237,,0,0,0,0,0,0,1,0,0,0,17.116921899999998,-84.03476549999999,0,NoFix,649525312,0,0,251813400,854958,863.0477327973616,91374.60720889781,46.67916572652757,-236192,14640,-951600,-490000,236250,-4436250,0,0,-780000,-2505,231,-2637
1781647009208,3.035252623444194,,0,0,0,0,0,0,1,0,0,0,17.1158712,-84.0341621,0,NoFix,649525312,0,0,251813600,855458,863.430852481761,91370.37268473604,46.67916572652757,0,13664,-956480,2161250,-2913750,910000,0,780000,-780000,-2479,246,-2663
1781647009694,2.8779263245270386,,0,0,0,0,0,0,1,0,0,0,18.825272299999998,-84.5180053,0,NoFix,649525312,0,0,251814200,855958,863.1263976218089,91373.73773369766,46.67476572236046,247904,0,-969168,3526250,-2467500,-1828750,0,780000,-780000,-2480,201,-2644
1781647010180,2.6521329390448045,,0,0,0,0,0,0,1,0,0,0,18.822719499999998,-84.5164064,0,NoFix,649525312,0,0,251814700,856458,863.3521889407829,91371.24211983453,46.68356572603807,-8784,9760,-968192,-1872500,1128750,1347500,0,0,-780000,-2490,244,-2666
1781647010696,1.88593584340299,,0,0,0,0,0,0,1,0,0,0,18.8201665,-84.51480749999999,0,NoFix,649525312,0,0,251815200,856958,863.813986258799,91366.13816364833,46.67916572652757,-4880,-3904,-976000,822500,-2467500,883750,0,0,-780000,-2509,227,-2660
1781647011183,1.728606541965405,,0,0,0,0,0,0,1,0,0,0,20.0792803,-84.8771225,0,NoFix,649525312,0,0,251815800,857458,862.9690687559535,91375.47668213921,46.68356572603807,-8784,15616,-951600,-4068750,-2905000,1767500,0,0,-780000,-2485,239,-2683
1781647011693,2.190362804264396,,0,0,0,0,0,0,1,0,0,0,18.337671999999998,-84.37519759999999,0,NoFix,649525376,0,0,251816300,857958,863.735323218262,91367.00756060392,46.68356572603807,-16592,-2928,-965264,-5906250,-2021250,2213750,0,0,-780000,-2471,239,-2709
1781647012178,2.4948056392685203,,0,0,0,0,0,0,1,0,0,0,20.0742846,-84.87378819999999,0,NoFix,649525376,0,0,251816800,858458,862.7330813299741,91378.08509010938,46.69676569662988,-15616,26352,-971120,848750,236250,-892500,0,780000,-780000,-2472,225,-2701
1781647012694,2.4161431639470266,,0,0,0,0,0,0,1,0,0,0,18.3320088,-84.37173659999999,0,NoFix,649525312,0,0,251817400,858958,863.6566609607569,91367.87695560083,46.68796572089195,-2928,12688,-970144,-953750,1575000,-2222500,0,0,-780000,-2491,222,-2673
1781647013181,2.8779263245270386,,0,0,0,0,0,0,1,0,0,0,17.094853699999998,-84.0220956,0,NoFix,649525312,0,0,251817600,859458,863.2735261828439,91372.11155297421,46.68796572089195,-4880,9760,-969168,1723750,4733750,1767500,0,0,-780000,-2473,237,-2593
1781647013666,2.7206031577443355,,0,0,0,0,0,0,1,0,0,0,17.091700499999998,-84.0202858,0,NoFix,649525312,0,0,251818200,859958,862.3499737353721,91382.3197699165,46.69676569662988,-17568,6832,-961360,-2738750,-1120000,3613750,0,780000,-780000,-2453,259,-2627
1781647014177,2.1801604362027547,,0,0,0,0,0,0,1,0,0,0,18.802292599999998,-84.50361699999999,0,NoFix,649525376,0,0,251818700,860458,862.8802241386352,91376.45868928546,46.70996562531218,-9760,6832,-986736,-4086250,-1566250,0,0,0,-780000,-2449,256,-2666
1781647014693,2.7206031577443355,,0,0,0,0,0,0,1,0,0,0,18.799228,-84.5016988,0,NoFix,649525376,0,0,251819300,860958,863.725170634476,91367.1197691297,46.70556565374136,-17568,15616,-965264,-61250,-665000,-446250,0,0,-780000,-2489,260,-2686
1781647015179,2.946419902683374,,0,0,0,0,0,0,1,0,0,0,18.796674,-84.5001004,0,NoFix,649525376,0,0,251819800,861458,862.0353327950646,91385.79777234733,46.714365592226386,10736,14640,-959408,4392500,-2012500,3097500,0,0,-780000,-2497,203,-2712
1781647015665,2.4059662205722816,,0,0,0,0,0,0,1,0,0,0,18.7941198,-84.498502,0,NoFix,649525376,0,0,251820300,861958,862.7229088021729,91378.19753009306,46.71876555448398,976,28304,-964288,2616250,1583750,-3106250,0,0,-780000,-2456,201,-2657
1781647016150,2.022842532899176,,0,0,0,0,0,0,1,0,0,0,18.791054799999998,-84.496584,0,NoFix,649525376,0,0,251820900,862459,862.2611276200583,91383.30185314252,46.72316551208496,-19520,26352,-960384,-498750,-2012500,2651250,780000,0,-780000,-2436,220,-2667
1781647016691,1.944184755801075,,0,0,0,0,0,0,1,0,0,0,18.7885004,-84.4949857,0,NoFix,649525376,0,0,251821400,862959,863.5678557335663,91368.85846128855,46.714365592226386,-246928,-9760,-982832,3088750,-1566250,1321250,0,0,-780000,-2484,248,-2654
1781647017176,2.631791231326133,,0,0,0,0,0,0,1,0,0,0,18.7874786,-84.4943464,0,NoFix,649525376,0,0,251821600,863459,863.1847038592756,91373.09328444175,46.714365592226386,11712,9760,-946720,402500,2485000,-4042500,0,0,-780000,-2461,211,-2656
1781647017663,2.789104000958787,,0,0,0,0,0,0,1,0,0,0,18.784924099999998,-84.4927482,0,NoFix,649525376,0,0,251822100,863959,863.027391089643,91374.83204504577,46.72316551208496,6832,-7808,-958432,-2730000,-3797500,-2222500,0,0,-780000,-2450,219,-2701
1781647018148,3.3981110765982976,,0,0,0,0,0,0,1,0,0,0,18.7823694,-84.49114999999999,0,NoFix,649525376,0,0,251822600,864459,862.418442391216,91381.56293997099,46.714365592226386,-31232,19520,-965264,831250,-1111250,-918750,0,780000,-780000,-2450,223,-2708
1781647018635,2.1699967395023805,,0,0,0,0,0,0,1,0,0,0,18.7787927,-84.4889127,0,NoFix,649525376,0,0,251823300,864959,862.8700814520852,91376.57079780972,46.731965413317084,2928,-28304,-956480,-4961250,-3815000,-446250,0,0,-780000,-2508,212,-2672
1781647019150,1.7868715507080424,,0,0,0,0,0,0,1,0,0,0,17.062263299999998,-84.0033972,0,NoFix,649525376,0,0,251823800,865459,862.1038159810311,91385.04075847297,46.731965413317084,2928,-2928,-973072,-52500,1128750,-1330000,0,0,-780000,-2455,223,-2681
1781647019660,2.85763546961266,,0,0,0,0,0,0,1,0,0,0,18.2969884,-84.3503454,0,NoFix,649525440,0,0,251824200,865959,862.8700814520852,91376.57079780972,46.731965413317084,-18544,-6832,-959408,-61250,-218750,-446250,0,0,0,-2488,222,-2713
1781647020147,2.4744815937683597,,0,0,0,0,0,0,1,0,0,0,20.0343023,-84.8471215,0,NoFix,649525440,0,0,251824800,866459,863.5577506554172,91368.97014660273,46.73636535694823,2928,-12688,-942816,-2738750,218750,883750,0,0,-780000,-2476,202,-2675
1781647020632,2.09134181186721,,0,0,0,0,0,0,1,0,0,0,18.291321399999998,-84.3468858,0,NoFix,649525440,0,0,251825300,866959,862.7127749466165,91378.3095427322,46.740765295922756,-17568,-5856,-972096,7070000,1583750,2213750,0,0,-780000,-2486,209,-2693
1781647021148,2.395827949526847,,0,0,0,0,0,0,1,0,0,0,21.402468799999998,-85.24535999999999,0,NoFix,649525440,0,0,251825700,867459,862.486941670184,91380.80577660407,46.731965413317084,-2928,28304,-963312,-945000,-1566250,1321250,0,780000,-780000,-2497,202,-2680
1781647021634,2.395827949526847,,0,0,0,0,0,0,1,0,0,0,21.4000295,-85.2436178,0,NoFix,649525440,0,0,251826200,867959,863.2532353279295,91372.33582208974,46.731965413317084,247904,4880,-947696,-551250,3832500,0,0,0,-780000,-2477,229,-2649
1781647022145,2.395827949526847,,0,0,0,0,0,0,1,0,0,0,21.3975902,-85.2418756,0,NoFix,649525440,0,0,251826700,868459,863.0959298231975,91374.07449072956,46.740765295922756,-13664,-248880,-970144,-61250,-218750,2213750,0,0,-780000,-2468,207,-2722
1781647022631,2.3171750882996776,,0,0,0,0,0,0,1,0,0,0,21.395638599999998,-85.24048189999999,0,NoFix,649525504,0,0,251827200,868959,862.7914278078437,91377.44017125119,46.73636535694823,-243024,-6832,-964288,-5897500,-1566250,1767500,0,780000,0,-2443,238,-2706
1781647023147,2.621678387035331,,0,0,0,0,0,0,1,0,0,0,21.633044299999998,-85.3093676,0,NoFix,649525504,0,0,251827700,869459,862.9386274505177,91375.81315152721,46.74956515990198,-2928,6832,-964288,393750,-2012500,-3106250,0,780000,-780000,-2485,196,-2676
1781647023632,2.159871714911219,,0,0,0,0,0,0,1,0,0,0,20.017300499999997,-84.835792,0,NoFix,649525440,0,0,251828200,869959,862.7026797640685,91378.42112801713,46.76276492094621,-246928,8784,-969168,3508750,-1566250,437500,0,0,-780000,-2499,202,-2636
1781647024117,2.464377580373366,,0,0,0,0,0,0,1,0,0,0,21.6277002,-85.30550559999999,0,NoFix,649525504,0,0,251828800,870459,862.2408742226321,91383.52573043907,46.76716483198106,-7808,5856,-963312,-1391250,-1111250,-446250,0,0,-780000,-2498,232,-2663
1781647024628,1.8452743643152871,,0,0,0,0,0,0,1,0,0,0,21.6252709,-85.3037502,0,NoFix,649525504,0,0,251829300,870959,863.2431479115041,91372.44731563368,46.75396508490667,-8784,3904,-953552,831250,-1128750,437500,0,780000,-780000,-2469,235,-2705
1781647025145,2.69025137925928,,0,0,0,0,0,0,1,0,0,0,20.3428492,-84.92747159999999,0,NoFix,649525504,0,0,251829600,871459,862.9285576956521,91375.92445329065,46.7715647383593,-3904,0,-965264,831250,-2467500,0,0,0,-780000,-2450,239,-2689
1781647025631,2.3756674274093257,,0,0,0,0,0,0,1,0,0,0,21.6208979,-85.3005907,0,NoFix,649525632,0,0,251830200,871959,863.3117442662277,91371.68914045162,46.7715647383593,16592,12688,-944768,-3167500,-665000,1347500,0,0,0,-2434,211,-2711
1781647026115,2.532957837335289,,0,0,0,0,0,0,1,0,0,0,21.6184682,-85.2988355,0,NoFix,649525632,0,0,251830700,872459,863.6163003386093,91368.32303391748,46.77596464008093,9760,4880,-968192,393750,236250,1321250,0,0,-780000,-2449,208,-2733
1781647026601,3.063413637678309,,0,0,0,0,0,0,1,0,0,0,21.8221581,-85.3580472,0,NoFix,649525632,0,0,251831200,872959,863.2330991700933,91372.5583818224,46.77596464008093,-18544,-1952,-953552,3071250,2467500,883750,0,0,0,-2481,229,-2676
1781647027141,2.218380149480822,,0,0,0,0,0,0,1,0,0,0,23.1107296,-85.7422966,0,NoFix,649525632,0,0,251831700,873459,862.9185266154968,91376.03532768865,46.793564200401306,-8784,-8784,-973072,-3202500,1592500,-52500,0,0,0,-2441,272,-2653
1781647027628,2.218380149480822,,0,0,0,0,0,0,1,0,0,0,21.6111784,-85.29357019999999,0,NoFix,649525632,0,0,251832200,873959,863.0758113268165,91374.2968586791,46.78476442955434,0,1952,-967216,2616250,2458750,-446250,0,0,-780000,-2450,249,-2702
1781647028113,3.2107070151012067,,0,0,0,0,0,0,1,0,0,0,23.105531199999998,-85.73824739999999,0,NoFix,649525632,0,0,251832800,874459,862.535337543329,91380.27083122754,46.793564200401306,4880,15616,-985760,-1837500,-5608750,883750,0,0,-780000,-2443,197,-2744
1781647028599,1.9824551050699029,,0,0,0,0,0,0,1,0,0,0,23.103168099999998,-85.73640689999999,0,NoFix,649525632,0,0,251833300,874959,863.1444492065671,91373.53821210626,46.80236395262182,3904,11712,-977952,-4060000,691250,437500,0,0,-780000,-2479,184,-2711
1781647029086,3.053429002933399,,0,0,0,0,0,0,1,0,0,0,21.604859599999997,-85.2890074,0,NoFix,649525632,0,0,251833500,875459,862.9085342108134,91376.1457747116,46.81556354602799,-976,13664,-965264,-4943750,-1111250,883750,0,0,0,-2479,196,-2649
1781647029626,1.8251756571030455,,0,0,0,0,0,0,1,0,0,0,23.0993869,-85.7334623,0,NoFix,649525632,0,0,251834100,875959,862.6039665887439,91379.51224216097,46.81116368621588,-8784,6832,-959408,-3613750,691250,1321250,0,0,-780000,-2470,228,-2648
1781647030112,2.2083667304270875,,0,0,0,0,0,0,1,0,0,0,23.097023399999998,-85.731622,0,NoFix,649525632,0,0,251834600,876459,863.2131177153078,91372.77923209603,46.819963401183486,6832,-11712,-976000,-52500,1592500,-892500,0,0,-780000,-2492,252,-2662
1781647030598,2.512934352496586,,0,0,0,0,0,0,1,0,0,0,23.0941871,-85.7294138,0,NoFix,649525632,0,0,251835200,876959,862.8298974448561,91377.01495832138,46.819963401183486,-20496,10736,-973072,-1391250,2485000,0,780000,0,-780000,-2481,228,-2695
1781647031084,1.6678993411092051,,0,0,0,0,0,0,1,0,0,0,23.091823299999998,-85.7275736,0,NoFix,649525632,0,0,251835700,877459,864.362863131945,91360.07207186596,46.819963401183486,-4880,27328,-945744,402500,-2012500,0,0,0,-780000,-2489,209,-2658
1781647031600,3.0434830456682676,,0,0,0,0,0,0,1,0,0,0,23.0889866,-85.7253655,0,NoFix,649525632,0,0,251836300,877959,863.4390829039851,91370.28171772094,46.82876309752464,-6832,16592,-953552,-945000,-210000,2703750,0,0,-780000,-2475,187,-2623
1781647032110,3.809996092955771,,0,0,0,0,0,0,1,0,0,0,24.4782844,-86.1475949,0,NoFix,649525632,0,0,251836700,878459,862.6726262618802,91378.75331965204,46.82876309752464,13664,23424,-967216,1286250,-665000,-446250,0,0,-780000,-2463,220,-2675
1781647032597,2.807585145107737,,0,0,0,0,0,0,1,0,0,0,25.8656872,-86.5786531,0,NoFix,649525632,0,0,251837300,878960,862.5153582108156,91380.49167312981,46.83756277523935,-5856,1952,-958432,-2730000,-665000,1767500,0,0,-780000,-2487,254,-2600
1781647033081,2.1197583524988204,,0,0,0,0,0,0,1,0,0,0,25.8638971,-86.5770484,0,NoFix,649525632,0,0,251837600,879460,863.9697010523975,91364.41719769833,46.84196260711178,-18544,5856,-983808,-490000,-4252500,-1330000,0,0,-780000,-2372,187,-2700
1781647033597,1.9624934333317015,,0,0,0,0,0,0,1,0,0,0,25.861659399999997,-86.57504259999999,0,NoFix,649525632,0,0,251838100,879960,862.9672941495327,91375.49629693202,46.855162074789405,-9760,-9760,-973072,-3176250,-2012500,-1330000,0,0,-780000,-2393,213,-2665